序号,技能名,工作设施,产物限定,干员,需求精英,效率值,游戏原文
1,浮生得闲,控制中枢,,老鲤,精0,,当与阿进驻控制中枢一起工作时，控制中枢内所有干员心情每小时恢复+0.25
2,老友相聚,控制中枢,,涤火杰西卡,精2,,进驻控制中枢时，自身心情每小时消耗+0.5；每个进驻在制造站的黑钢国际干员，生产力+5%
3,反抗者,控制中枢,,艾拉,精2,,进驻控制中枢时，更容易获得线索板上尚未拥有的线索，但控制中枢内除自身以外的其余干员心情每小时消耗+0.25
4,神经质,控制中枢,,阿,精0,,进驻控制中枢时，提升会客室内干员所属派系的线索倾向效果，但控制中枢内所有干员的心情每小时消耗+1.5
5,至察,控制中枢,,惊蛰,精0,,进驻控制中枢时，小幅提升会客室内干员所属派系的线索倾向效果，但控制中枢内所有干员的心情每小时消耗+0.5
6,断事如神,控制中枢,,惊蛰,精2,,进驻控制中枢时，小幅提升会客室内干员所属派系的线索倾向效果
7,“一千封信”,控制中枢,,海蒂,精2,,进驻控制中枢时，会客室更容易获得格拉斯哥帮线索（工作时长影响概率）
8,“山河远阔”,控制中枢,,令,精2,,进驻控制中枢时，当自身心情大于12时，人间烟火+15；当自身心情处于12以下时，感知信息+10
9,偶像光环,控制中枢,,三角初华,精0,,进驻控制中枢时，宿舍内每有1名干员，热情值+1
10,羁绊相生,控制中枢,,三角初华,精2,,进驻控制中枢时，所有宿舍内所有干员的心情每小时恢复+0.05（同种效果取最高）；当与丰川祥子一起进驻控制中枢时，丰川祥子的心情每小时恢复+0.1
11,领袖,控制中枢,,焰影苇草,精1,,进驻控制中枢时，所有宿舍内所有干员的心情每小时恢复+0.05（同种效果取最高）
12,战纹,控制中枢,,红隼,精0,,进驻控制中枢时，所有宿舍内所有干员的心情每小时恢复+0.05（同种效果取最高）
13,巡心,控制中枢,,妮芙,精2,,进驻控制中枢时，所有宿舍内所有干员的心情每小时恢复+0.05（同种效果取最高）
14,无言的慈爱,控制中枢,,电弧,精2,,进驻控制中枢时，所有宿舍内精英干员的心情每小时恢复+0.1（同种效果取最高）
15,杯莫停,控制中枢,,令,精0,,进驻控制中枢时，消除当前控制中枢内所有岁干员自身心情消耗的影响
16,可靠伙伴,控制中枢,,八幡海铃,精0,,进驻控制中枢时，热情值+10；人脉资源的联络速度+10%（同种效果取最高）
17,感染力,控制中枢,,琴柳,精2,,进驻控制中枢时，人力办公室联络速度小于30%时（其中包含基础联络速度5%），则联络速度额外+20%（该加成全局效果唯一，不受其它加成影响）
18,英雄的骄傲·α,控制中枢,,摆渡人,精0,,进驻控制中枢时，基建内（不包含副手及活动室使用者）每有1名米诺斯干员，会客室线索搜集速度+4%（最多+20%，同种效果取最高）；当与萨尔贡干员进驻控制中枢一起工作时，自身心情每小时消耗+0.02
19,英雄的骄傲·β,控制中枢,,摆渡人,精1,,进驻控制中枢时，基建内（不包含副手及活动室使用者）每有1名米诺斯干员，会客室线索搜集速度+5%（最多+25%，同种效果取最高）；当与萨尔贡干员进驻控制中枢一起工作时，自身心情每小时消耗+0.02
20,同谋·α,控制中枢,,维什戴尔,精0,,进驻控制中枢时，当伊内丝入驻会客室时，会客室线索搜集速度+5%；当赫德雷入驻贸易站时，赫德雷所在贸易站订单上限+1
21,同谋·β,控制中枢,,维什戴尔,精2,,进驻控制中枢时，当伊内丝入驻会客室时，会客室线索搜集速度+5%；当赫德雷入驻贸易站时，赫德雷所在贸易站订单上限+2
22,“是，团长！”,控制中枢,,怒潮凛冬,精2,,进驻控制中枢时，自身心情每小时消耗+0.5，每个进驻在会客室的乌萨斯学生自治团干员，线索搜集速度+10%
23,勤学苦练,控制中枢,,祐天寺若麦,精0,,进驻控制中枢时，热情值+10；会客室线索搜集速度提升+5%（同种效果取最高）
24,成效优先,控制中枢,,祐天寺若麦,精2,,当与丰川祥子一起进驻控制中枢时，丰川祥子心情每小时消耗+0.05，会客室线索搜集速度额外提升+5%（同种效果取最高）
25,潮汐守望,控制中枢,,歌蕾蒂娅,精0,,进驻控制中枢时，每有1个深海猎人干员进驻在宿舍以外的设施，则自身心情每小时消耗+0.5；反之则自身心情每小时恢复+0.5，如果进驻在宿舍内的深海猎人干员为满心情，则额外+0.5
26,集群狩猎·α,控制中枢,,歌蕾蒂娅,精0,,进驻控制中枢时，控制中枢内所有干员的心情每小时恢复+0.05；基建内（不包含副手及活动室使用者）深海猎人干员获得特殊加成（与部分技能有特殊叠加规则）
27,集群狩猎·β,控制中枢,,歌蕾蒂娅,精2,,进驻控制中枢时，控制中枢内所有干员的心情每小时恢复+0.05；基建内（不包含副手及活动室使用者）深海猎人干员获得特殊加成（与部分技能有特殊叠加规则）
28,演技的怪物,控制中枢,,若叶睦,精0,,进驻控制中枢时，热情值+20；每有8点热情值，自身心情每小时消耗+0.01，所有贸易站订单效率+1%（同种效果取最高）
29,团队合作,控制中枢,,火龙S黑角,精0,,进驻控制中枢时，控制中枢内每有1名怪物猎人小队干员，则木天蓼+2
30,情报储备,控制中枢,,灰烬,精2,,进驻控制中枢时，控制中枢内每有1名彩虹小队干员，则情报储备+1
31,乌萨斯特饮,控制中枢,,战车,精2,,进驻控制中枢时，控制中枢内每有1名乌萨斯学生自治团干员，则乌萨斯特饮+1
32,孤光共照,控制中枢,,重岳,精2,,进驻控制中枢时，其他设施内处于工作状态的干员心情每小时恢复+0.05；同时每有20点人间烟火，则额外+0.05，（与控制中枢加成有特殊比较规则）
33,"""不以物喜""",控制中枢,,夕,精0,,进驻控制中枢时，控制中枢内所有干员的心情每小时恢复+0.05；当自身心情处于12以下时，人间烟火+15
34,"""不以己悲""",控制中枢,,夕,精0,,进驻控制中枢时，自身心情每小时消耗+0.5；当自身心情大于12时，感知信息+10
35,耐力回复,控制中枢,,麒麟R夜刀,精0,,进驻控制中枢时，自身心情每小时消耗+0.5，木天蓼+8
36,生活的重压,控制中枢,,丰川祥子,精0,,进驻控制中枢时，热情值处于40点及以上时，自身心情每小时消耗+0.05
37,知我为我,控制中枢,,重岳,精0,,进驻控制中枢时，自身心情每小时消耗+0.5；每个岁干员进驻在宿舍和活动室以外的设施则人间烟火+5（最多5名）
38,坚毅随和,控制中枢,,吽,精2,,进驻控制中枢时，控制中枢内每个鲤氏侦探事务所干员可使该派系干员额外恢复心情，同时每人可使控制中枢内所有干员的心情每小时恢复+0.2
39,德才兼备,控制中枢,,陈,精0,,进驻控制中枢时，控制中枢内每个龙门近卫局干员可使控制中枢内所有干员的心情每小时恢复+0.05
40,学生会会长,控制中枢,,早露,精0,,进驻控制中枢时，控制中枢内每个乌萨斯学生自治团干员可使控制中枢内所有干员的心情每小时恢复+0.05
41,幕后指挥,控制中枢,,灵知,精0,,进驻控制中枢时，控制中枢内每个谢拉格干员可使控制中枢内所有干员的心情每小时恢复+0.05
42,异格者,控制中枢,,寒芒克洛丝；濯尘芙蓉；炎狱炎熔,精0,,进驻控制中枢时，控制中枢内每个异格干员可使控制中枢内所有干员的心情每小时恢复+0.05
43,彩虹小队,控制中枢,,战车；灰烬；闪击；霜华,精0,,进驻控制中枢时，控制中枢内每个彩虹小队干员可使控制中枢内所有干员的心情每小时恢复+0.05
44,左膀右臂,控制中枢,,临光；杜宾,精0,,进驻控制中枢时，控制中枢内所有干员的心情每小时恢复+0.05
45,S.W.E.E.P.,控制中枢,,清道夫；红,精0,,进驻控制中枢时，控制中枢内所有干员的心情每小时恢复+0.05
46,零食网络,控制中枢,,坚雷,精1,,进驻控制中枢时，控制中枢内所有干员的心情每小时恢复+0.05
47,清理协议,控制中枢,,送葬人,精2,,进驻控制中枢时，控制中枢内所有干员的心情每小时恢复+0.05
48,替身,控制中枢,,苇草,精2,,进驻控制中枢时，控制中枢内所有干员的心情每小时恢复+0.05
49,必要责任,控制中枢,,灰喉,精0,,进驻控制中枢时，控制中枢内所有干员的心情每小时恢复+0.05
50,护卫,控制中枢,,暴雨,精0,,进驻控制中枢时，控制中枢内所有干员的心情每小时恢复+0.05
51,小小的领袖,控制中枢,,焰尾,精0,,进驻控制中枢时，控制中枢内所有干员的心情每小时恢复+0.05
52,独善其身,控制中枢,,玛恩纳,精0,,进驻控制中枢时，控制中枢内所有干员的心情每小时恢复+0.05
53,笑靥如春,控制中枢,,冰酿,精0,,进驻控制中枢时，控制中枢内所有干员的心情每小时恢复+0.05
54,金盏花诗会,控制中枢,,薇薇安娜,精0,,进驻控制中枢时，控制中枢内所有干员的心情每小时恢复+0.05
55,捍卫之道,控制中枢,,红隼,精2,,进驻控制中枢时，控制中枢内所有干员的心情每小时恢复+0.05
56,博识生手,控制中枢,,Mon3tr,精0,,进驻控制中枢时，控制中枢内所有干员的心情每小时恢复+0.05
57,点滴关照,控制中枢,,电弧,精0,,进驻控制中枢时，控制中枢内所有干员的心情每小时恢复+0.05
58,总工程师,控制中枢,,可露希尔,精0,,进驻控制中枢时，控制中枢内所有干员的心情每小时恢复+0.05
59,魔王传承,控制中枢,,魔王,精0,,当与阿米娅一起进驻控制中枢时，自身和阿米娅心情每小时恢复+0.05
60,“未完的故事”,控制中枢,,魔王,精2,,当与阿米娅一起进驻控制中枢时，自身和阿米娅心情每小时恢复+0.1
61,互为半身,控制中枢,,若叶睦,精2,,当与丰川祥子一起进驻控制中枢时，消除自身心情消耗的影响
62,巴别塔之帜,控制中枢,,维什戴尔,精2,,进驻控制中枢时，其他设施内处于工作状态的干员心情每小时恢复+0.1，当魔王进驻中枢时额外+0.1（与控制中枢加成有特殊比较规则）
63,公事公办,控制中枢,,玛恩纳,精2,,进驻控制中枢时，部分设施内处于工作状态的干员心情每小时恢复+0.1；同时控制中枢内部分技能可以为其他设施内处于工作状态的干员额外提供心情恢复
64,红松的骑士,控制中枢,,焰尾,精2,,进驻控制中枢时，每个进驻在制造站的红松骑士团干员，作战记录类配方的生产力+10%，贵金属类配方的生产力-10%
65,我寻思能行,控制中枢,,森蚺,精2,,进驻控制中枢时，如果Lancet-2进驻在发电站，发电站额外+2（仅影响设施数量）
66,丰富工作经验,控制中枢,,丰川祥子,精0,,进驻控制中枢时，所有生产贵金属类配方的制造站生产力+0.5%，每有20点热情值，所有生产贵金属类配方的制造站生产力+0.5%
67,丰富工作经验,控制中枢,,丰川祥子,精2,,进驻控制中枢时，所有生产贵金属类配方的制造站生产力+1%，每有20点热情值，所有生产贵金属类配方的制造站生产力+1%
68,烛骑士微光,控制中枢,,薇薇安娜,精2,,进驻控制中枢时，每个进驻在制造站的骑士干员生产力+7%
69,最高权限,控制中枢,,凯尔希,精2,,进驻控制中枢时，所有制造站生产力+2%（同种效果取最高）
70,最高权限,控制中枢,,Mon3tr,精2,,进驻控制中枢时，所有制造站生产力+2%（同种效果取最高）
71,权变,控制中枢,,望,精0,,进驻控制中枢时，若外势大于等于实地，所有贸易站订单效率+7%；若实地大于外势，所有制造站生产力+2%（同种效果取最高）
72,以身作则,控制中枢,,麒麟R夜刀,精2,,当与怪物猎人小队干员进驻控制中枢一起工作时，所有制造站生产力+2%（同种效果取最高）
73,共事情谊,控制中枢,,斩业星熊,精2,,当与龙门近卫局干员进驻控制中枢一起工作时，所有制造站生产力+3%（同种效果取最高）
74,超频,控制中枢,,布丁,精1,,进驻控制中枢时，如果有2台以上作业平台进驻在发电站，则所有制造站生产力+2%（同种效果取最高）
75,秘传交涉术,控制中枢,,火龙S黑角,精2,,当与怪物猎人小队干员进驻控制中枢一起工作时，所有贸易站订单效率+7%（同种效果取最高）
76,家族认可,控制中枢,,八幡海铃,精2,,进驻控制中枢时，每个进驻在贸易站的叙拉古干员，订单获取效率+5%
77,商业版图,控制中枢,,凛御银灰,精0,,进驻控制中枢时，每个存在3名谢拉格干员的贸易站，订单获取效率+10%
78,精密计算,控制中枢,,灵知,精2,,进驻控制中枢时，每个进驻在贸易站的谢拉格干员，订单获取效率-15%，订单上限+6
79,运筹好手,控制中枢,,戴菲恩,精2,,进驻控制中枢时，同一贸易站中，每有1名格拉斯哥帮干员，订单获取效率+10%
80,合作协议,控制中枢,,阿米娅,精0,,进驻控制中枢时，所有贸易站订单效率+7%（同种效果取最高）
81,大小姐,控制中枢,,诗怀雅,精0,,进驻控制中枢时，所有贸易站订单效率+7%（同种效果取最高）
82,朝气蓬勃,控制中枢,,明椒,精0,,进驻控制中枢时，所有贸易站订单效率+7%（同种效果取最高）
83,情报主脑,控制中枢,,阿斯卡纶,精2,,进驻控制中枢时，所有贸易站订单效率+7%（同种效果取最高）
84,S.W.E.E.P.主管,控制中枢,,阿斯卡纶,精0,,进驻控制中枢时，如训练室有干员在进行技能专精，则该干员的专精技能训练速度+5%（同种效果取最高）
85,断金之交,控制中枢,,烛煌,精0,,进驻控制中枢时，如训练室有干员在进行技能专精，则该干员的专精技能训练速度+5%（同种效果取最高）
86,下城人脉,控制中枢,,斩业星熊,精0,,进驻控制中枢时，如训练室有干员在进行技能专精，则该干员的专精技能训练速度+5%（同种效果取最高）
87,世事洞明,控制中枢,,老鲤,精2,,进驻控制中枢时，会客室线索搜集速度+25%（同种效果取最高）
88,期冀之汇,控制中枢,,魔王,精2,,进驻控制中枢时，会客室线索搜集速度+15%（同种效果取最高）
89,无声共鸣,宿舍,,塑心,精0,,进驻宿舍时，该宿舍内每有1名干员，无声共鸣+1
90,患难之交,宿舍,,菲亚梅塔,精0,,进驻宿舍时，如果自身为满心情，则与当前宿舍前一位进驻的干员互换心情
91,寻同路人,宿舍,,斥罪,精2,,进驻宿舍时，该宿舍内所有干员心情每小时恢复+0.15，同时每个招募位（不包含初始招募位）额外+0.05恢复效果（叠加后的最终值同种效果取最高）
92,无瑕心·α,宿舍,,隐德来希,精0,,进驻宿舍时，该宿舍内所有干员心情每小时恢复+0.1，同时每个招募位（不包含初始招募位）额外+0.05恢复效果（叠加后的最终值同种效果取最高）
93,无瑕心·β,宿舍,,隐德来希,精2,,进驻宿舍时，该宿舍内所有干员心情每小时恢复+0.1，同时每个招募位（不包含初始招募位）额外+0.1恢复效果（叠加后的最终值同种效果取最高）
94,柔和微光·α,宿舍,,流明,精0,,进驻宿舍时，该宿舍内所有干员的心情每小时恢复+0.1，同时每有1间发电站，则恢复效果额外+0.05（叠加后的最终值同种效果取最高）
95,柔和微光·β,宿舍,,流明,精2,,进驻宿舍时，该宿舍内所有干员的心情每小时恢复+0.15，同时每有1间发电站，则恢复效果额外+0.05（叠加后的最终值同种效果取最高）
96,自律,宿舍,,菲亚梅塔,精0,,进驻宿舍时，自身心情每小时恢复+2，同时无法获得其他来源提供的心情恢复效果
97,无词颂歌,宿舍,,塑心,精2,,进驻宿舍时，该宿舍内所有干员的心情每小时恢复+0.2，每有5点无声共鸣，该宿舍内所有干员的心情每小时恢复额外+0.01（同种效果取最高）
98,调众口,宿舍,,余,精0,,进驻宿舍时，基建内（不包含副手及活动室使用者）每名岁干员为该宿舍内所有干员心情每小时恢复速度+0.06（最多生效4名，且同种效果取最高）
99,睡前必听故事,宿舍,,响石,精0,,进驻宿舍时，该宿舍内所有干员的心情每小时恢复+0.15（同种效果取最高）
100,死前必做清单,宿舍,,响石,精2,,进驻宿舍时，该宿舍内所有干员的心情每小时恢复+0.15，同时当前宿舍每级为恢复效果额外+0.02（叠加后的最终值同种效果取最高）
101,慵懒,宿舍,,安比尔；杜林,精0,,进驻宿舍时，自身心情每小时恢复-0.1，该宿舍内所有干员的心情每小时恢复+0.2（同种效果取最高）
102,嗜睡,宿舍,,杜林,精0,,进驻宿舍时，自身心情每小时恢复-0.1，该宿舍内所有干员的心情每小时恢复+0.25（同种效果取最高）
103,超脱,宿舍,,赫拉格,精0,,进驻宿舍时，自身心情每小时恢复+0.55
104,挣脱,宿舍,,赫拉格,精1,,进驻宿舍时，该宿舍内除自身以外所有干员的心情每小时恢复+0.1（同种效果取最高）
105,解脱,宿舍,,赫拉格,精2,,进驻宿舍时，自身心情每小时恢复+0.55，该宿舍内所有干员的心情每小时恢复+0.1（同种效果取最高）
106,牧歌,宿舍,,风笛,精0,,进驻宿舍时，自身心情每小时恢复+0.55，该宿舍内所有干员的心情每小时恢复+0.1（同种效果取最高）
107,天生丽质,宿舍,,缪尔赛思,精0,,进驻宿舍时，自身心情每小时恢复+0.55，该宿舍内所有干员的心情每小时恢复+0.1（同种效果取最高）
108,“归乡”,宿舍,,远牙,精0,,进驻宿舍时，自身心情每小时恢复+0.55，该宿舍内所有干员的心情每小时恢复+0.1（同种效果取最高）
109,火山温泉浴,宿舍,,纯烬艾雅法拉,精2,,进驻宿舍时，基建内（不包含副手及活动室使用者）每名行医干员为该宿舍内所有干员心情每小时恢复速度+0.06（最多生效4名，且同种效果取最高）
110,小酌怡情,宿舍,,冰酿,精2,,进驻宿舍时，使心情未满的宿舍成员，平均分配到总计每小时心情恢复+0.8的加成（该技能对单名干员和多名干员生效时，同种效果分别取最高）
111,资深料理人,宿舍,,森西,精0,,进驻宿舍时，该宿舍内所有干员的心情每小时恢复+0.15，如果目标是莱欧斯小队干员，则恢复效果额外+0.15（同种效果取最高）
112,芬芳疗养·β,宿舍,,刺玫,精2,,进驻宿舍时，该宿舍内所有干员心情每小时恢复+0.15，同时该宿舍内心情18以下的干员恢复效果额外+0.1（同种效果取最高）
113,净化呼吸,宿舍,,撷英调香师,精2,,进驻宿舍时，该宿舍内心情20以下的干员恢复效果额外+0.1（同种效果取最高）
114,倾听者,宿舍,,波卜,精0,,进驻宿舍时，该宿舍内所有干员的心情每小时恢复+0.15（同种效果取最高）
115,倾谈者,宿舍,,波卜,精2,,进驻宿舍时，该宿舍内所有干员的心情每小时恢复+0.2；同时该宿舍每有1名心情未满的干员，则恢复效果额外+0.01（同种效果取最高）
116,鼓舞,宿舍,,四月；夜莺,精0,,进驻宿舍时，该宿舍内所有干员的心情每小时恢复+0.1（同种效果取最高）
117,小提琴独奏,宿舍,,阿米娅,精2,,进驻宿舍时，该宿舍内所有干员的心情每小时恢复+0.15（同种效果取最高）
118,偶像,宿舍,,空,精0,,进驻宿舍时，该宿舍内所有干员的心情每小时恢复+0.15（同种效果取最高）
119,沁人心脾,宿舍,,波登可,精1,,进驻宿舍时，该宿舍内所有干员的心情每小时恢复+0.15（同种效果取最高）
120,领袖,宿舍,,凛冬；推进之王；桃金娘,精0；精1,,进驻宿舍时，该宿舍内所有干员的心情每小时恢复+0.15（同种效果取最高）
121,大锅饭·α,宿舍,,温米,精0,,进驻宿舍时，该宿舍内所有干员的心情每小时恢复+0.15（同种效果取最高）
122,静心仪式·α,宿舍,,妮芙,精0,,进驻宿舍时，该宿舍内所有干员的心情每小时恢复+0.15（同种效果取最高）
123,冬将军,宿舍,,凛冬,精2,,进驻宿舍时，该宿舍内所有干员的心情每小时恢复+0.2（同种效果取最高）
124,提灯女神,宿舍,,夜莺,精2,,进驻宿舍时，该宿舍内所有干员的心情每小时恢复+0.2（同种效果取最高）
125,狮心王,宿舍,,推进之王,精2,,进驻宿舍时，该宿舍内所有干员的心情每小时恢复+0.2（同种效果取最高）
126,芬芳疗养·α,宿舍,,刺玫,精0,,进驻宿舍时，该宿舍内所有干员的心情每小时恢复+0.15（同种效果取最高）
127,大锅饭·β,宿舍,,温米,精2,,进驻宿舍时，该宿舍内所有干员的心情每小时恢复+0.2（同种效果取最高）
128,乡野笛音,宿舍,,小满,精2,,进驻宿舍时，该宿舍内所有干员的心情每小时恢复+0.15（同种效果取最高）
129,利他主义,宿舍,,医生,精2,,进驻宿舍时，该宿舍内所有干员的心情每小时恢复+0.2（同种效果取最高）
130,静心仪式·β,宿舍,,妮芙,精2,,进驻宿舍时，该宿舍内所有干员的心情每小时恢复+0.2（同种效果取最高）
131,明星效应,宿舍,,遥,精0,,进驻宿舍时，该宿舍内所有干员的心情每小时恢复+0.15（同种效果取最高）
132,沉静心灵,宿舍,,撷英调香师,精0,,进驻宿舍时，该宿舍内所有干员的心情每小时恢复+0.15（同种效果取最高）
133,森西大食堂,宿舍,,森西,精2,,进驻宿舍时，当前宿舍每级提供1层魔物料理
134,梦境呓语,宿舍,,爱丽丝,精2,,进驻宿舍时，每1层梦境转化为1点感知信息
135,琴键漫步,宿舍,,车尔尼,精2,,进驻宿舍时，每1个小节转化为1点感知信息
136,睡前故事,宿舍,,爱丽丝,精0,,进驻宿舍时，该宿舍内所有干员的心情每小时恢复+0.1（同种效果取最高），同时当前宿舍每级提供1层梦境
137,慢板行歌,宿舍,,车尔尼,精0,,进驻宿舍时，使该宿舍内除自身以外心情未满的某个干员每小时恢复+0.65（同种效果取最高），同时当前宿舍每级提供1个小节
138,“独处”,宿舍,,芳汀,精1,,进驻宿舍时，自身心情每小时恢复+0.7；如果该宿舍内有其他干员，则每人额外为自身心情每小时恢复+0.05
139,赋格融汇,宿舍,,协律,精1,,进驻宿舍时，自身心情每小时恢复+0.7；如果该宿舍内有其他干员，则每人额外为自身心情每小时恢复+0.05
140,独处,宿舍,,克洛丝；和弦；安哲拉；幽灵鲨；斯卡蒂；灰喉；艾丝黛尔；苇草；霜叶,精0；精1；精2,,进驻宿舍时，自身心情每小时恢复+0.7
141,幼狼情性,宿舍,,子月,精0,,进驻宿舍时，自身心情每小时恢复+0.7
142,狂热,宿舍,,幽灵鲨,精2,,进驻宿舍时，自身心情每小时恢复+0.85
143,麻烦回避者,宿舍,,安哲拉,精2,,进驻宿舍时，自身心情每小时恢复+0.85
144,悲歌,宿舍,,斯卡蒂,精2,,进驻宿舍时，自身心情每小时恢复+1
145,隐形的美食家,宿舍,,伊桑,精1,,进驻宿舍时，自身心情每小时恢复+0.75
146,难得休憩,宿舍,,裂响,精0,,进驻宿舍时，自身心情每小时恢复+0.55
147,活泼,宿舍,,卡缇；杰克；米格鲁,精0；精1,,进驻宿舍时，使该宿舍内除自身以外心情未满的某个干员每小时恢复+0.2（同种效果取最高）；同时自身心情每小时恢复+0.4
148,探险家的热情,宿舍,,崖心,精0,,进驻宿舍时，使该宿舍内除自身以外心情未满的某个干员每小时恢复+0.25（同种效果取最高）；同时自身心情每小时恢复+0.5
149,烘焙,宿舍,,慕斯,精1,,进驻宿舍时，使该宿舍内除自身以外心情未满的某个干员每小时恢复+0.3（同种效果取最高）；同时自身心情每小时恢复+0.3
150,烹饪,宿舍,,古米；暴行,精1；精2,,进驻宿舍时，使该宿舍内除自身以外心情未满的某个干员每小时恢复+0.35（同种效果取最高）；同时自身心情每小时恢复+0.35
151,Give me five,宿舍,,酸糖,精1,,进驻宿舍时，使该宿舍内除自身以外心情未满的某个干员每小时恢复+0.35（同种效果取最高）；同时自身心情每小时恢复+0.35
152,和谐,宿舍,,泡普卡,精1,,进驻宿舍时，使该宿舍内除自身以外心情未满的某个干员每小时恢复+0.4（同种效果取最高）；同时自身心情每小时恢复+0.2
153,喀兰圣女,宿舍,,初雪,精0,,进驻宿舍时，使该宿舍内除自身以外心情未满的某个干员每小时恢复+0.5（同种效果取最高）；同时自身心情每小时恢复+0.25
154,使徒,宿舍,,临光,精2,,进驻宿舍时，使该宿舍内除自身以外心情未满的某个干员每小时恢复+0.5（同种效果取最高）；同时自身心情每小时恢复+0.25
155,甜甜圈派对,宿舍,,隐现,精2,,进驻宿舍时，使该宿舍内除自身以外心情未满的某个干员每小时恢复+0.4（同种效果取最高）；同时自身心情每小时恢复+0.4
156,医疗服务,宿舍,,Lancet-2,精0,,进驻宿舍时，使该宿舍内除自身以外心情未满的某个干员每小时恢复+0.65（同种效果取最高）
157,疗养,宿舍,,波登可,精1,,进驻宿舍时，使该宿舍内除自身以外心情未满的某个干员每小时恢复+0.65（同种效果取最高）
158,善解人意,宿舍,,安赛尔；末药；波登可；流星；芙蓉；闪灵,精0；精1,,进驻宿舍时，使该宿舍内除自身以外心情未满的某个干员每小时恢复+0.55（同种效果取最高）
159,慈悲,宿舍,,闪灵,精2,,进驻宿舍时，使该宿舍内除自身以外心情未满的某个干员每小时恢复+0.75（同种效果取最高）
160,天启,宿舍,,断罪者,精0,,进驻宿舍时，使该宿舍内除自身以外心情未满的某个干员每小时恢复+0.7（同种效果取最高）
161,维多利亚文学,宿舍,,琴柳,精0,,进驻宿舍时，使该宿舍内除自身以外心情未满的某个干员每小时恢复+0.7（同种效果取最高）
162,心理疏导,宿舍,,蜜莓,精2,,进驻宿舍时，使该宿舍内除自身以外心情未满的某个干员每小时恢复+0.7（同种效果取最高）
163,恩典颂歌,宿舍,,聆音,精0,,进驻宿舍时，使该宿舍内除自身以外心情未满的某个干员每小时恢复+0.7（同种效果取最高）
164,善解人意,宿舍,,小满,精0,,进驻宿舍时，使该宿舍内除自身以外心情未满的某个干员每小时恢复+0.55（同种效果取最高）
165,沏茶,宿舍,,黑,精0,,进驻宿舍时，使该宿舍内除自身以外心情未满的某个干员每小时恢复+0.55（同种效果取最高），如果目标是锡兰，则恢复效果额外+0.45
166,烤肉大师,宿舍,,特米米,精0,,进驻宿舍时，使该宿舍内除自身以外心情未满的某个干员每小时恢复+0.55（同种效果取最高），如果目标是嘉维尔，则恢复效果额外+0.45
167,毒剂师之友,宿舍,,深靛,精0,,进驻宿舍时，使该宿舍内心情未满的某个干员每小时恢复+0.55（同种效果取最高），如果目标是蓝毒，则恢复效果额外+0.45
168,降生于冰寒,宿舍,,寒檀,精0,,进驻宿舍时，使该宿舍内除自身以外心情未满的某个干员每小时恢复+0.55（同种效果取最高），如果目标是萨米干员，则恢复效果额外+0.45
169,圣城趣事通,宿舍,,新约能天使,精2,,进驻宿舍时，使该宿舍内除自身以外心情未满的某个干员每小时恢复+0.55（同种效果取最高），如果目标是拉特兰干员，则恢复效果额外+0.45
170,天生乐天派,宿舍,,新约能天使,精0,,进驻宿舍时，使该宿舍内除自身以外心情未满的某个干员每小时恢复+0.55（同种效果取最高）
171,头号陪练,宿舍,,摩根,精0,,进驻宿舍时，推进之王对该宿舍中格拉斯哥帮干员恢复效果额外+0.3
172,内幕,办公室,,山,精0,20,进驻人力办公室时，人脉资源的联络速度+20%，每产生1次联络次数，增加黑钢国际线索的概率（工作时长和招募位影响概率）
173,人望,办公室,,早露,精2,20,进驻人力办公室时，人脉资源的联络速度+20%，每产生1次联络次数，增加乌萨斯学生自治团线索的概率（工作时长和招募位影响概率）
174,旧识新交,办公室,,戴菲恩,精0,20,进驻人力办公室时，人脉资源的联络速度+20%，每产生1次联络次数，增加格拉斯哥帮线索的概率（工作时长和招募位影响概率）
175,天灾信使·α,办公室,,月禾,精0,30,进驻人力办公室时，人脉资源的联络速度+30%
176,洞悉人心,办公室,,月禾,精2,35,进驻人力办公室时，人脉资源的联络速度+35%，同时每个招募位（不包含初始招募位）额外+5%会客室线索搜集速度
177,好事之徒,办公室,,乌有,精0,35,进驻人力办公室时，人脉资源的联络速度+35%，同时每个招募位（不包含初始招募位）额外+5%会客室线索搜集速度
178,交游广阔,办公室,,隐现,精0,30,进驻人力办公室时，人脉资源的联络速度+30%，同时每个招募位（不包含初始招募位）额外+5%会客室线索搜集速度
179,“号外！”,办公室,,乌啾,精0,30,进驻人力办公室时，人脉资源的联络速度+30%，同时每个招募位（不包含初始招募位）额外+5%会客室线索搜集速度
180,街头法则,办公室,,乌啾,精2,35,进驻人力办公室时，人脉资源的联络速度+35%，同时每个招募位（不包含初始招募位）额外+5%会客室线索搜集速度
181,人事管理·α,办公室,,巡林者,精0,20,进驻人力办公室时，人脉资源的联络速度+20%
182,人事管理·β,办公室,,伊内丝,精0,35,进驻人力办公室时，人脉资源的联络速度+35%
183,天灾信使·α,办公室,,普罗旺斯,精0,30,进驻人力办公室时，人脉资源的联络速度+30%
184,天灾信使·β,办公室,,普罗旺斯；艾雅法拉,精2,45,进驻人力办公室时，人脉资源的联络速度+45%
185,节目邀约,办公室,,遥,精2,45,进驻人力办公室时，人脉资源的联络速度+45%
186,心理学,办公室,,夜魔；宴；梓兰,精0；精2,40,进驻人力办公室时，人脉资源的联络速度+40%
187,WRITER,办公室,,伊桑,精0,40,进驻人力办公室时，人脉资源的联络速度+40%
188,B-girl,办公室,,酸糖,精0,40,进驻人力办公室时，人脉资源的联络速度+40%
189,不停歇的电话,办公室,,淬羽赫默,精0,40,进驻人力办公室时，人脉资源的联络速度+40%
190,追忆,办公室,,絮雨,精2,,进驻人力办公室时，每1点记忆碎片转化为1点感知信息，心情耗尽时清空所有记忆碎片和自身累积的感知信息
191,巡游,办公室,,絮雨,精0,20,进驻人力办公室时，人脉资源的联络速度+20%，同时每个招募位（不包含初始招募位）+10点记忆碎片
192,救援队·灾后普查,办公室,,桑葚,精2,,进驻人力办公室时，每个招募位（不包含初始招募位）+10点人间烟火
193,心声图绘,办公室,,深律,精2,,进驻人力办公室时，每个招募位（不包含初始招募位）+15点无声共鸣
194,语言学,办公室,,闪击,精2,20,进驻人力办公室时，人脉资源的联络速度+20%，每1点情报储备额外+5%联络速度，每1瓶乌萨斯特饮额外+5%联络速度
195,圣女声望,办公室,,圣聆初雪,精0,20,进驻人力办公室时，人脉资源的联络速度+20%，心情每小时消耗-0.25
196,雪境归心,办公室,,圣聆初雪,精2,35,进驻人力办公室时，人脉资源的联络速度+35%，心情每小时消耗-0.25，如果凛御银灰进驻在控制中枢，则人脉资源的联络速度额外+10%
197,救援队·保证体力,办公室,,雪绒,精2,35,进驻人力办公室时，人脉资源的联络速度+35%，同时每个招募位（不包含初始招募位）使心情每小时消耗-0.1
198,救援队·外界联络,办公室,,雪绒,精0,30,进驻人力办公室时，人脉资源的联络速度+30%
199,用人唯才,办公室,,林,精2,,进驻人力办公室时，每个招募位（不包含初始招募位）+10%人脉资源的联络速度
200,天灾信使·α,办公室,,地灵,精0,30,进驻人力办公室时，人脉资源的联络速度+30%
201,救援队·珠算,办公室,,桑葚,精0,10,进驻人力办公室时，人脉资源的联络速度+10%，心情每小时消耗-0.25
202,宫廷礼仪,办公室,,深律,精0,10,进驻人力办公室时，人脉资源的联络速度+10%，心情每小时消耗-0.25
203,救援队·资源清点,办公室,,桑葚,精1,20,进驻人力办公室时，人脉资源的联络速度+20%，心情每小时消耗-0.25
204,特殊渠道,办公室,,林,精0,20,进驻人力办公室时，人脉资源的联络速度+20%，心情每小时消耗-0.25
205,踏坊寻味·α,办公室,,行箸,精0,20,进驻人力办公室时，人脉资源的联络速度+20%，心情每小时消耗-0.25
206,威权谕使,办公室,,深律,精2,30,进驻人力办公室时，人脉资源的联络速度+30%，心情每小时消耗-0.25
207,踏坊寻味·β,办公室,,行箸,精2,30,进驻人力办公室时，人脉资源的联络速度+30%，心情每小时消耗-0.25
208,准时下班,办公室,,地灵,精1,45,进驻人力办公室时，人脉资源的联络速度+45%，心情每小时消耗+2
209,法为正典,办公室,,斥罪,精0,50,进驻人力办公室时，人脉资源的联络速度+50%，心情每小时消耗+0.5
210,永不停歇·α,办公室,,水灯心,精0,30,进驻人力办公室时，人脉资源的联络速度+30%，心情每小时消耗+1
211,永不停歇·β,办公室,,水灯心,精2,45,进驻人力办公室时，人脉资源的联络速度+45%，心情每小时消耗+1
212,梅兰德侦探·α,办公室,,锡人,精0,5,进驻人力办公室时，人脉资源的联络速度+5%，每间宿舍每级额外+1%人脉资源的联络速度
213,梅兰德侦探·β,办公室,,锡人,精2,5,进驻人力办公室时，人脉资源的联络速度+5%，每间宿舍每级额外+2%人脉资源的联络速度
214,“泰拉的方舟”,办公室,,凯尔希·思衡托,精2,30,进驻人力办公室时，人脉资源的联络速度+30%，基建内（不包含副手及活动室）每有一间进驻精英干员的设施，联络速度额外+4%（最多5间）
215,古老巫术,制造站,,截云,精0,,进驻制造站时，每5点人间烟火转化为1点巫术结晶
216,绘图设计,制造站,,至简,精0,,进驻制造站时，基建内除活动室外每间设施每级+1个工程机器人，上限64个
217,春雷响，万物长,制造站,,黍,精0,,进驻制造站时，当前制造站内所有干员心情每小时消耗-0.1
218,团队精神,制造站,,槐琥,精0,,进驻制造站时，消除当前制造站内所有干员自身心情消耗的影响
219,Vlog,制造站,战斗记录,卡达,精0,,进驻制造站时，生产作战记录类配方时，心情每小时消耗-0.25
220,剪辑·α,制造站,战斗记录,稀音,精2,,进驻制造站时，生产作战记录类配方时，仓库容量上限+12
221,剪辑·β,制造站,战斗记录,卡达,精1,,进驻制造站时，生产作战记录类配方时，仓库容量上限+15
222,合理利用,制造站,战斗记录,圣约送葬人,精2,,进驻制造站时，生产作战记录类配方时，仓库容量上限+4
223,战阵领袖,制造站,战斗记录,怒潮凛冬,精0,30,进驻制造站时，作战记录类配方的生产力+30%
224,情同手足,制造站,战斗记录,怒潮凛冬,精2,30,进驻制造站时，作战记录类配方的生产力+30%，当与乌萨斯学生自治团干员在同一个制造站时，作战记录类配方的生产力额外+10%
225,小奇思,制造站,赤金,杏仁,精0,25,进驻制造站时，贵金属类配方的生产力+25%，心情每小时消耗+0.25
226,净味香氛,制造站,赤金,阿罗玛,精0,25,进驻制造站时，贵金属类配方的生产力+25%，心情每小时消耗+0.25
227,挑大梁,制造站,赤金,杏仁,精2,,进驻制造站时，基建内（不包含副手及活动室使用者）每有1名黑钢国际干员（最多3名），贵金属类配方的生产力+2%，心情每小时消耗-0.15
228,造价高昂,制造站,赤金,娜斯提,精2,,进驻制造站时，基建内（不包含副手及活动室使用者）每有1名莱茵生命干员（最多5名），贵金属类配方的生产力+3%
229,齐心沙盗,制造站,赤金,娜仁图亚,精2,,进驻制造站时，每间宿舍每级为贵金属类配方的生产力+1%
230,镜中影,制造站,战斗记录,酒神,精0,20,进驻制造站时，作战记录类配方的生产力+20%，心情每小时消耗-0.25
231,戏中人,制造站,战斗记录,酒神,精2,35,进驻制造站时，作战记录类配方的生产力+35%，心情每小时消耗-0.25
232,“连轴转”,制造站,战斗记录,裂响,精2,35,进驻制造站时，作战记录类配方的生产力+35%，心情每小时消耗+0.25
233,胜利之计,制造站,战斗记录,帕拉斯,精2,25,进驻制造站时，作战记录类配方的生产力+25%
234,作战指导录像,制造站,战斗记录,Castle-3；白雪；红豆；霜叶；食铁兽,精0；精1,30,进驻制造站时，作战记录类配方的生产力+30%
235,拳术指导录像,制造站,战斗记录,断罪者；食铁兽,精1；精2,35,进驻制造站时，作战记录类配方的生产力+35%
236,逆境荣光,制造站,战斗记录,弑君者,精2,35,进驻制造站时，作战记录类配方的生产力+35%
237,公证所教习·α,制造站,战斗记录,圣约送葬人,精0,20,进驻制造站时，作战记录类配方的生产力+20%
238,公证所教习·β,制造站,战斗记录,圣约送葬人,精2,30,进驻制造站时，作战记录类配方的生产力+30%
239,金属工艺·α,制造站,赤金,夜烟；斑点；苍苔,精0；精1,30,进驻制造站时，贵金属类配方的生产力+30%
240,金属工艺·α,制造站,赤金,温米,精2,30,进驻制造站时，贵金属类配方的生产力+30%
241,金属工艺·α,制造站,赤金,引星棘刺,精0,30,进驻制造站时，贵金属类配方的生产力+30%
242,金属工艺·β,制造站,赤金,砾,精1,35,进驻制造站时，贵金属类配方的生产力+35%
243,源石工艺·α,制造站,源石,月见夜,精1,30,进驻制造站时，源石类配方的生产力+30%
244,地质学·α,制造站,源石,薄绿；褐果,精1,30,进驻制造站时，源石类配方的生产力+30%
245,源石工艺·β,制造站,源石,炎熔,精1,35,进驻制造站时，源石类配方的生产力+35%
246,地质学·β,制造站,源石,地灵,精1,35,进驻制造站时，源石类配方的生产力+35%
247,源石研究,制造站,源石,锡兰,精2,35,进驻制造站时，源石类配方的生产力+35%
248,火山学家,制造站,源石,艾雅法拉,精0,35,进驻制造站时，源石类配方的生产力+35%
249,患难拍档,制造站,战斗记录,烈夏,精2,,进驻制造站时，若古米在贸易站，则作战记录类配方的生产力+35%
250,实干的寡言者,制造站,赤金；战斗记录；源石,导火索,精2,20,进驻制造站时，生产力+20%，每有1瓶乌萨斯特饮，则仓库容量上限+2
251,拾荒者,制造站,,红云,精0,,进驻制造站时，仓库容量上限+8，心情每小时消耗-0.25
252,拾荒者,制造站,,清道夫,精1,,进驻制造站时，仓库容量上限+8，心情每小时消耗-0.25
253,磐蟹·阿盘,制造站,,豆苗,精1,,进驻制造站时，仓库容量上限+8，心情每小时消耗-0.25
254,“都想要”,制造站,,刻俄柏,精0,,进驻制造站时，仓库容量上限+8，心情每小时消耗-0.25
255,智慧之境,制造站,,帕拉斯,精0,,进驻制造站时，仓库容量上限+8，心情每小时消耗-0.25
256,囤积者,制造站,,泡泡,精0,,进驻制造站时，仓库容量上限+10，心情每小时消耗-0.25
257,无畏豪情,制造站,,娜仁图亚,精0,,进驻制造站时，仓库容量上限+10，心情每小时消耗-0.25
258,午休好去处,制造站,,Miss.Christine,精0,,进驻制造站时，仓库容量上限+10，心情每小时消耗-0.25
259,探险者,制造站,,石棉,精2,,进驻制造站时，仓库容量上限+16，心情每小时消耗-0.25
260,掘进工程,制造站,,洋灰,精2,,进驻制造站时，仓库容量上限+10，心情每小时消耗-0.25
261,收纳达人,制造站,,钼铅,精2,,进驻制造站时，仓库容量上限+16，心情每小时消耗-0.25
262,重聚时光,制造站,赤金；战斗记录；源石,历阵锐枪芬,精2,,进驻制造站时，当前制造站内每个A1小队干员为自身+10%的生产力
263,可靠的随从们,制造站,赤金；战斗记录；源石,泰拉大陆调查团,精0,5,进驻制造站时，仓库容量上限+8，生产力+5%，同时每有1个木天蓼，则生产力+1%
264,工匠精神·α,制造站,赤金；战斗记录；源石,火神,精0,-5,进驻制造站时，生产力-5%，仓库容量上限+16，心情每小时消耗-0.15
265,工匠精神·β,制造站,赤金；战斗记录；源石,火神,精2,-5,进驻制造站时，生产力-5%，仓库容量上限+19，心情每小时消耗-0.25
266,麻烦制造者,制造站,赤金；战斗记录；源石,泡普卡,精0,25,进驻制造站时，生产力+25%，仓库容量上限-12，心情每小时消耗+0.25
267,特立独行,制造站,赤金；战斗记录；源石,石棉,精0,25,进驻制造站时，生产力+25%，仓库容量上限-12，心情每小时消耗+0.25
268,“可靠”助手,制造站,赤金；战斗记录；源石,贝娜,精0,-20,进驻制造站时，生产力-20%，仓库容量上限+17，心情每小时消耗-0.25
269,量体裁衣,制造站,赤金；战斗记录；源石,裁度,精0,20,进驻制造站时，生产力+20%，心情每小时消耗+0.25
270,虔信,制造站,赤金；战斗记录；源石,雪猎,精0,20,进驻制造站时，生产力+20%，心情每小时消耗+0.25
271,独当一面,制造站,赤金；战斗记录；源石,雪猎,精2,30,进驻制造站时，生产力+30%，心情每小时消耗+0.25
272,得心应手,制造站,赤金；战斗记录；源石,裁度,精2,25,进驻制造站时，生产力+25%，仓库容量上限+6
273,行动派,制造站,赤金；战斗记录；源石,钼铅,精0,20,进驻制造站时，生产力+20%，仓库容量上限-8
274,仓库整备·α,制造站,赤金；战斗记录；源石,卡缇；米格鲁,精0,10,进驻制造站时，仓库容量上限+6，生产力+10%
275,仓库整备·β,制造站,赤金；战斗记录；源石,蛇屠箱；黑角,精0,10,进驻制造站时，仓库容量上限+10，生产力+10%
276,科学改造,制造站,赤金；战斗记录；源石,冬时,精0,,进驻制造站时，当前制造站内其他干员提供的生产力全部归零（不包含根据设施数量提供加成的生产力），每个当前制造站内干员为当前制造站仓库容量上限+5
277,流程优化,制造站,赤金；战斗记录；源石,冬时,精1,,进驻制造站时，当前制造站内其他干员提供的生产力全部归零（不包含根据设施数量提供加成的生产力），每个当前制造站内干员为当前制造站+10%生产力，仓库容量上限+5
278,自动化·α,制造站,赤金；战斗记录；源石,异客；掠风；森蚺,精0；精2,,进驻制造站时，当前制造站内其他干员提供的生产力全部归零（不包含根据设施数量提供加成的生产力），每个发电站为当前制造站+5%的生产力
279,自动化·β,制造站,赤金；战斗记录；源石,森蚺；温蒂,精0；精2,,进驻制造站时，当前制造站内其他干员提供的生产力全部归零（不包含根据设施数量提供加成的生产力），每个发电站为当前制造站+10%的生产力
280,仿生海龙,制造站,赤金；战斗记录；源石,温蒂,精2,,进驻制造站时，当前制造站内其他干员提供的生产力全部归零（不包含根据设施数量提供加成的生产力），每个发电站为当前制造站+15%的生产力
281,再生能源,制造站,赤金,清流,精1,,进驻制造站时，每个贸易站为当前制造站贵金属类配方的生产力+20%
282,原质塑金副产物,制造站,赤金,引星棘刺,精2,,进驻制造站时，每个贸易站为当前制造站贵金属类配方的生产力+3%
283,标准化·α,制造站,赤金；战斗记录；源石,夜刀；洋灰；流星；石英；褐果,精0,15,进驻制造站时，生产力+15%
284,莱茵科技·α,制造站,赤金；战斗记录；源石,星源；白面鸮；赫默,精0,15,进驻制造站时，生产力+15%
285,红松骑士团·α,制造站,赤金；战斗记录；源石,灰毫；远牙；野鬃,精0,15,进驻制造站时，生产力+15%
286,磐蟹·豆豆,制造站,赤金；战斗记录；源石,豆苗,精0,15,进驻制造站时，生产力+15%
287,差遣使魔·α,制造站,赤金；战斗记录；源石,玛露西尔,精0,20,进驻制造站时，生产力+20%
288,标准化·β,制造站,赤金；战斗记录；源石,史都华德；杰西卡；水月；海沫；罗比菈塔；调香师；香草,精0；精1；精2,25,进驻制造站时，生产力+25%
289,莱茵科技·β,制造站,赤金；战斗记录；源石,多萝西；娜斯提；星源；溯光星源；白面鸮；赫默,精0；精2,25,进驻制造站时，生产力+25%
290,红松骑士团·β,制造站,赤金；战斗记录；源石,灰毫；远牙；野鬃,精2,25,进驻制造站时，生产力+25%
291,差遣使魔·β,制造站,赤金；战斗记录；源石,玛露西尔,精2,30,进驻制造站时，生产力+30%
292,咪波·制造型,制造站,赤金；战斗记录；源石,梅尔,精2,30,进驻制造站时，生产力+30%
293,莱茵科技·γ,制造站,赤金；战斗记录；源石,淬羽赫默,精2,30,进驻制造站时，生产力+30%
294,标准化·α,制造站,赤金；战斗记录；源石,历阵锐枪芬,精0,15,进驻制造站时，生产力+15%
295,窗外雪啸,制造站,赤金；战斗记录；源石,铅踝,精1,,进驻制造站时，当自身心情落差大于12时，生产力+10%，仓库容量+6
296,急性子,制造站,赤金；战斗记录；源石,芬,精0,20,进驻制造站后，生产力首小时+20%，此后每小时+1%，最终达到+25%
297,“等不及”,制造站,赤金；战斗记录；源石,刻俄柏,精2,20,进驻制造站后，生产力首小时+20%，此后每小时+1%，最终达到+25%
298,慢性子,制造站,赤金；战斗记录；源石,克洛丝,精0,15,进驻制造站后，生产力首小时+15%，此后每小时+2%，最终达到+25%
299,延时摄影,制造站,赤金；战斗记录；源石,稀音,精0,15,进驻制造站后，生产力首小时+15%，此后每小时+2%，最终达到+25%
300,例行清扫,制造站,赤金；战斗记录；源石,阿罗玛,精2,,进驻制造站后，生产力每小时+2%，最终达到+20%
301,念力,制造站,赤金；战斗记录；源石,迷迭香,精0,,进驻制造站时，每2点思维链环+1%生产力
302,意识实体,制造站,赤金；战斗记录；源石,迷迭香,精2,,进驻制造站时，每1点思维链环+1%生产力
303,机械辅助·α,制造站,赤金；战斗记录；源石,至简,精0,,进驻制造站时，每16个工程机器人+5%生产力
304,机械辅助·β,制造站,赤金；战斗记录；源石,至简,精2,,进驻制造站时，每8个工程机器人+5%生产力
305,逐水草,制造站,赤金；战斗记录；源石,截云,精0,,进驻制造站时，每1点巫术结晶+1%生产力
306,问枯荣,制造站,赤金；战斗记录；源石,截云,精2,,进驻制造站时，每1点巫术结晶+2%生产力
307,稻禾厚，顺秋收,制造站,赤金；战斗记录；源石,黍,精2,,进驻制造站时，每3点人间烟火+1%生产力
308,意想不到的美味,制造站,赤金；战斗记录；源石,玛露西尔,精2,,进驻制造站时，每1点魔物料理+1%生产力
309,超感,制造站,,迷迭香,精0,,进驻制造站时，宿舍内每有1名干员则感知信息+1，同时每1点感知信息转化为1点思维链环
310,“搭把手！”,制造站,赤金,阿兰娜,精2,,进驻制造站时，当与温米在同一个制造站时，贵金属类配方的生产力+15%
311,盛餐的回报,制造站,战斗记录,Miss.Christine,精2,,进驻制造站时，当与酒神在同一个制造站时，作战记录类配方的生产力+30%
312,模糊视线,制造站,赤金；战斗记录；源石,铅踝,精0,30,进驻制造站时，生产力+30%，自身每有4点心情落差，生产力-5%
313,手艺人,制造站,赤金；战斗记录；源石,维伊,精2,,进驻制造站时，训练室每级为当前制造站+10%生产力，最多30%
314,配合意识,制造站,赤金；战斗记录；源石,槐琥,精2,,进驻制造站时，当前制造站内其他干员提供的每5%生产力（不包含根据设施数量提供加成的生产力），额外提供5%生产力，最多提供40%生产力
315,大就是好！,制造站,赤金；战斗记录；源石,泡泡,精1,,进驻制造站时，当前制造站内干员根据自身提升的仓库容量提供一定的生产力。提升16格以下的，每格仓库容量提供1%生产力；提升大于16格的，每格仓库容量提供3%生产力（无法与回收利用叠加，且优先生效）
316,回收利用,制造站,赤金；战斗记录；源石,红云,精1,,进驻制造站时，当前制造站内干员提升的每格仓库容量，提供2%生产力
317,意识兼容,制造站,,海沫,精0,,进驻制造站时，当前制造站内所有莱茵科技类、红松骑士团类技能也全都视作标准化类技能
318,勘探背包,制造站,赤金；战斗记录；源石,溯光星源,精0,,进驻制造站时，当前制造站内每个莱茵科技类技能为自身+5的仓库上限容量
319,意识协议,制造站,赤金；战斗记录；源石,水月,精0,,进驻制造站时，当前制造站内每个标准化类技能为自身+5%的生产力
320,源石技艺理论应用,制造站,赤金；战斗记录；源石,多萝西,精0,,进驻制造站时，当前制造站内每个莱茵科技类技能为自身+5%的生产力
321,打工心得,制造站,赤金；战斗记录；源石,苍苔,精2,,进驻制造站时，当前制造站内每个金属工艺类技能为自身+5%的生产力
322,机械精通·α,制造站,赤金,阿兰娜,精0,,进驻制造站时，每有1台作业平台进驻发电站，贵金属类配方的生产力+5%
323,机械精通·β,制造站,赤金,阿兰娜,精2,,进驻制造站时，每有1台作业平台进驻发电站，贵金属类配方的生产力+10%
324,哥伦比亚史,会客室,,山,精2,,进驻会客室后，每当新搜集到的线索不是莱茵生命时，则额外增加莱茵生命线索的出现概率（工作时长影响概率）
325,耶拉冈德,会客室,,耶拉,精2,,进驻会客室后，每当新搜集到的线索不是喀兰贸易时，则额外增加喀兰贸易线索的出现概率（工作时长影响概率）
326,甄别,会客室,,苦艾,精2,,进驻会客室后，每当新搜集到的线索不是乌萨斯学生自治团时，则额外增加乌萨斯学生自治团线索的出现概率（工作时长影响概率）
327,插旗,会客室,,极境,精2,,进驻会客室后，每当新搜集到的线索不是罗德岛制药时，则额外增加罗德岛制药线索的出现概率（工作时长影响概率）
328,情报整理,会客室,,夏栎,精2,,进驻会客室后，每当新搜集到的线索不是格拉斯哥帮时，则额外增加格拉斯哥帮线索的出现概率（工作时长影响概率）
329,远见,会客室,,凛视,精0,10,进驻会客室时，线索搜集速度提升10%，当与提丰进驻会客室一起工作时，线索搜集速度额外提升15%，自身心情每小时消耗+0.5
330,未来之途,会客室,,凛视,精2,10,进驻会客室时，线索搜集速度提升10%，当与提丰进驻会客室一起工作时，线索搜集速度额外提升15%，自身心情每小时消耗+0.5，且更容易获得线索板上尚未拥有的线索
331,杀手的假期,会客室,,忍冬,精2,,进驻会客室时，当与铃兰进驻会客室一起工作时，线索搜集速度额外提升30%
332,广交义友,会客室,,骋风,精0,,进驻会客室时，每个招募位（不包含初始招募位）提升5%线索搜集速度
333,文献学顾问,会客室,,霍尔海雅,精2,,进驻会客室时，如果会客室内只有自身处于工作状态时，连续消耗超过16点心情下一次必定获得莱茵生命的线索
334,暗线,会客室,,奥达,精2,,进驻会客室时，如果会客室内只有自身处于工作状态时，连续消耗超过16点心情下一次必定获得罗德岛制药的线索
335,线索搜集·α,会客室,,见行者,精0,10,进驻会客室时，线索搜集速度提升10%
336,逻辑推理,会客室,,见行者,精2,35,进驻会客室时，线索搜集速度提升35%，心情每小时消耗+2
337,双面间谍,会客室,,和弦,精2,,进驻会客室时，如果会客室内只有自身处于工作状态时，线索搜集速度提升50%，心情每小时消耗+2
338,“职业操守”·α,会客室,,奥达；霍尔海雅,精0,,进驻会客室时，如果会客室内只有自身处于工作状态时，线索搜集速度提升15%，心情每小时消耗+1
339,“职业操守”·β,会客室,,奥达；霍尔海雅,精2,,进驻会客室时，如果会客室内只有自身处于工作状态时，线索搜集速度提升35%，心情每小时消耗+1
340,专业经理·α,会客室,,复奏,精0,,进驻会客室时，如果会客室内只有自身处于工作状态时，线索搜集速度提升15%，心情每小时消耗+1
341,专业经理·β,会客室,,复奏,精2,,进驻会客室时，如果会客室内只有自身处于工作状态时，线索搜集速度提升35%，心情每小时消耗+1
342,无辜笑脸,会客室,,跃跃,精1,,进驻会客室时，处于线索交流时线索搜集速度提升30%
343,特殊渠道顾问,会客室,,响石,精2,,进驻会客室时，处于线索交流时线索搜集速度提升30%
344,冰原游弋,会客室,,提丰,精0,10,进驻会客室时，线索搜集速度提升10%，与其他萨米干员进驻会客室一起工作时，线索搜集速度额外提升5%，自身心情每小时消耗+0.5
345,人情练达,会客室,,寻澜,精0,10,进驻会客室时，线索搜集速度提升10%，与其他黑钢国际干员进驻会客室一起工作时，线索搜集速度额外提升15%，自身心情每小时消耗+0.5
346,情报探查,会客室,,寻澜,精2,10,进驻会客室时，线索搜集速度提升10%，与其他黑钢国际干员进驻会客室一起工作时，线索搜集速度额外提升20%
347,线索搜集·α,会客室,,因陀罗；塞雷娅；安洁莉娜；微风；星极；耶拉；芙兰卡；莫斯提马；谜图；跃跃,精0,10,进驻会客室时，线索搜集速度提升10%
348,守望者,会客室,,塞雷娅,精2,10,进驻会客室时，线索搜集速度提升10%，且更容易获得莱茵生命线索（工作时长影响概率）
349,信使·企鹅物流,会客室,,莫斯提马,精2,10,进驻会客室时，线索搜集速度提升10%，且更容易获得企鹅物流线索（工作时长影响概率）
350,联络员,会客室,,杰西卡,精1,10,进驻会客室时，线索搜集速度提升10%，且更容易获得黑钢国际线索（工作时长影响概率）
351,B.P.R.S.,会客室,,芙兰卡,精2,10,进驻会客室时，线索搜集速度提升10%，且更容易获得黑钢国际线索（工作时长影响概率）
352,讯使,会客室,,讯使,精1,10,进驻会客室时，线索搜集速度提升10%，且更容易获得喀兰贸易线索（工作时长影响概率）
353,雪境守望,会客室,,耶拉,精2,10,进驻会客室时，线索搜集速度提升10%，且更容易获得喀兰贸易线索（工作时长影响概率）
354,军师,会客室,,真理,精2,10,进驻会客室时，线索搜集速度提升10%，且更容易获得乌萨斯学生自治团线索（工作时长影响概率）
355,信使·罗德岛制药,会客室,,安洁莉娜,精2,10,进驻会客室时，线索搜集速度提升10%，且更容易获得罗德岛制药线索（工作时长影响概率）
356,传讯者,会客室,,因陀罗,精2,10,进驻会客室时，线索搜集速度提升10%，且更容易获得格拉斯哥帮线索（工作时长影响概率）
357,没落贵族,会客室,,微风,精2,10,进驻会客室时，线索搜集速度提升10%，且更容易获得格拉斯哥帮线索（工作时长影响概率）
358,警司,会客室,,陈,精2,25,进驻会客室时，线索搜集速度提升25%
359,星象学,会客室,,星极,精2,25,进驻会客室时，线索搜集速度提升25%
360,线索搜集·α,会客室,,哈洛德；守林人；断崖,精0,10,进驻会客室时，线索搜集速度提升10%
361,线索搜集·β,会客室,,杰克；梅,精0；精1,20,进驻会客室时，线索搜集速度提升20%
362,化影,会客室,,风丸,精0,15,进驻会客室时，线索搜集速度提升15%
363,泡茶高手,会客室,,信仰搅拌机,精0,15,进驻会客室时，线索搜集速度提升15%
364,线索搜集·β,会客室,,12F；守林人；宴；断崖；暗索；白雪,精0；精1；精2,20,进驻会客室时，线索搜集速度提升20%
365,好奇心,会客室,,莱欧斯,精0,20,进驻会客室时，线索搜集速度提升20%
366,社交达人,会客室,,信仰搅拌机,精2,20,进驻会客室时，线索搜集速度提升20%
367,占卜,会客室,,远山,精1,25,进驻会客室时，线索搜集速度提升25%
368,追踪者,会客室,,红,精2,25,进驻会客室时，线索搜集速度提升25%
369,领袖外交,会客室,,伺夜,精0,25,进驻会客室时，线索搜集速度提升25%
370,线索搜集·α,会客室,,忍冬；松桐,精0,10,进驻会客室时，线索搜集速度提升10%
371,线索搜集·β,会客室,,忍冬,精2,20,进驻会客室时，线索搜集速度提升20%
372,线索搜集·β,会客室,,行箸,精2,20,进驻会客室时，线索搜集速度提升20%
373,显眼的调查者,会客室,,U-Official,精0,,进驻会客室时，更容易获得线索板上已经拥有的线索
374,情报专家,会客室,,双月,精2,5,进驻会客室时，线索搜集速度提升5%，同时每1点情报储备额外提升5%
375,饱餐的干劲,会客室,,莱欧斯,精2,,进驻会客室时，每拥有1点魔物料理，线索搜集速度额外提升2%
376,扶危行侠,会客室,,赤刃明霄陈,精2,20,进驻会客室时，线索搜集速度提升20%，同时每10点人间烟火额外提升1%
377,得心应手,会客室,,风丸,精2,,进驻会客室时，如果会客室内只有自身处于工作状态时，线索搜集速度提升35%
378,不泯童心,会客室,,信仰搅拌机,精2,,进驻会客室时，如果菲亚梅塔进驻在宿舍，则线索搜集速度额外提升10%
379,聚影,会客室,,伊内丝,精2,20,进驻会客室时，线索搜集速度提升20%，此后每小时提升2%，最终达到30%
380,眼观六路,会客室,,骋风,精1,,进驻会客室时，处于线索交流时更容易获得线索板上尚未拥有的线索
381,不容遗漏·α,会客室,,晓歌,精0,,进驻会客室时，更容易获得线索板上尚未拥有的线索
382,情报分析,会客室,,谜图,精2,,进驻会客室时，更容易获得线索板上尚未拥有的线索
383,见微知著,会客室,,松桐,精2,,进驻会客室时，更容易获得线索板上尚未拥有的线索
384,萍踪浪迹,会客室,,赤刃明霄陈,精0,,进驻会客室时，更容易获得线索板上尚未拥有的线索
385,不容遗漏·β,会客室,,晓歌,精2,10,进驻会客室时，线索搜集速度提升10%，且更容易获得线索板上尚未拥有的线索
386,交个朋友,会客室,,哈洛德,精2,,进驻会客室时，提升会客室内另一干员所属派系的线索倾向效果（如会客室没有另一干员则不提升）
387,皇家探员（自称）,会客室,,梅,精1,,进驻会客室时，更容易获得企鹅物流线索（工作时长影响概率）
388,秘密搜查,会客室,,苦艾,精0,,进驻会客室时，更容易获得乌萨斯学生自治团线索（工作时长影响概率）
389,通讯员,会客室,,极境,精0,,进驻会客室时，更容易获得罗德岛制药线索（工作时长影响概率）
390,风声,会客室,,夏栎,精0,,进驻会客室时，更容易获得格拉斯哥帮线索（工作时长影响概率）
391,晨曦,发电站,,承曦格雷伊,精2,,进驻发电站时，如果其他发电站内没有进驻作业平台，则发电站额外+1(仅影响设施数量)
392,“滴滴，启动！”,发电站,,正义骑士号,精0,,进驻发电站时，野鬃所在的制造站生产力+5%
393,巡线框架,发电站,,承曦格雷伊,精0,,进驻发电站时，每10架无人机上限+1%无人机充能速度（最多+25%）
394,生态科主任,发电站,,缪尔赛思,精2,10,进驻发电站时，无人机充能速度+10%，基建内（不包含副手及活动室使用者）每有1名除自身以外的莱茵生命干员（最多5名），充能速度额外+3%
395,技术交流·α,发电站,,空构,精0,10,进驻发电站时，无人机充能速度首小时+10%，此后每小时+1%，最终达到+15%
396,技术交流·β,发电站,,空构,精2,15,进驻发电站时，无人机充能速度首小时+15%，此后每小时+1%，最终达到+20%
397,热情澎湃,发电站,,THRM-EX,精0,,进驻发电站时，心情每小时消耗-0.52
398,外卖水果挞,发电站,,空构,精0,,进驻发电站时，心情每小时消耗-0.3
399,灵河共鸣,发电站,,菲莱,精2,,进驻发电站时，每间宿舍每级为充能速度额外+0.5%
400,备用能源,发电站,,Castle-3；Friston-3；Lancet-2；THRM-EX；正义骑士号,精0,10,进驻发电站时，无人机充能速度+10%
401,鸡电工程,发电站,,GALLUS²,精0,10,进驻发电站时，无人机充能速度+10%
402,热能充能·α,发电站,,伊芙利特；炎熔；煌,精0,10,进驻发电站时，无人机充能速度+10%
403,光能充能·α,发电站,,深靛,精0,10,进驻发电站时，无人机充能速度+10%
404,电磁充能·α,发电站,,异客；格劳克斯；澄闪,精0,10,进驻发电站时，无人机充能速度+10%
405,挽歌充能·α,发电站,,PhonoR-0,精0,10,进驻发电站时，无人机充能速度+10%
406,灵河充能·α,发电站,,菲莱,精0,10,进驻发电站时，无人机充能速度+10%
407,充能中,发电站,,CONFESS-47,精0,10,进驻发电站时，无人机充能速度+10%
408,雷法专精,发电站,,司霆惊蛰,精0,10,进驻发电站时，无人机充能速度+10%
409,澎湃紊流,发电站,,协律,精0,10,进驻发电站时，无人机充能速度+10%
410,澎湃紊流,发电站,,协律,精1,15,进驻发电站时，无人机充能速度+15%
411,设备维护,发电站,,布丁；阿消,精0；精1,15,进驻发电站时，无人机充能速度+15%
412,清洁能源,发电站,,清流,精0,15,进驻发电站时，无人机充能速度+15%
413,高热充能,发电站,,伊芙利特,精2,15,进驻发电站时，无人机充能速度+15%
414,脉冲电弧·α,发电站,,雷蛇,精0,15,进驻发电站时，无人机充能速度+15%
415,电磁充能·β,发电站,,格劳克斯,精2,15,进驻发电站时，无人机充能速度+15%
416,聚能,发电站,,异客,精2,15,进驻发电站时，无人机充能速度+15%
417,灯塔供能模块,发电站,,深靛,精1,15,进驻发电站时，无人机充能速度+15%
418,静电场,发电站,,格雷伊,精0,20,进驻发电站时，无人机充能速度+20%
419,脉冲电弧·β,发电站,,雷蛇,精2,20,进驻发电站时，无人机充能速度+20%
420,热能充能·γ,发电站,,炎狱炎熔,精2,20,进驻发电站时，无人机充能速度+20%
421,电荷释放,发电站,,澄闪,精2,20,进驻发电站时，无人机充能速度+20%
422,合法窃电,发电站,,天空盒,精2,20,进驻发电站时，无人机充能速度+20%
423,穹顶物流管理·α,发电站,,海霓,精0,15,进驻发电站时，无人机充能速度+15%
424,穹顶物流管理·β,发电站,,海霓,精2,20,进驻发电站时，无人机充能速度+20%
425,热能充能·γ,发电站,,烛煌,精2,20,进驻发电站时，无人机充能速度+20%
426,“愉快的对谈”,发电站,,Friston-3,精0,,进驻发电站时，如果凯尔希进驻在控制中枢，则无人机充能速度+5%
427,咒文共鸣,发电站,,PhonoR-0,精0,,进驻发电站时，如果逻各斯进驻在训练室协助位，则无人机充能速度+5%
428,维护中,发电站,,CONFESS-47,精0,,进驻发电站时，如果其他拉特兰干员进驻在发电站，则无人机充能速度+5%
429,鸡励机制,发电站,,GALLUS²,精0,,进驻发电站时，如果其他作业平台进驻在发电站，则无人机充能速度+5%
430,跋山涉水,贸易站,,铎铃,精0,,进驻贸易站时，贸易站内全体干员每小时心情消耗-0.1，每有10点人间烟火，则额外-0.01
431,万里传书,贸易站,,铎铃,精2,,进驻贸易站时，贸易站内全体干员每小时心情消耗-0.1，每有10点人间烟火，则额外-0.02
432,暖场,贸易站,,火哨,精0,,进驻贸易站时，贸易站内干员心情每小时消耗-0.1
433,违约索赔·α,贸易站,,但书,精0,,进驻贸易站时，如果下笔赤金订单是违约订单，则赤金交付数额外+1
434,违约索赔·β,贸易站,,但书,精2,,进驻贸易站时，如果下笔赤金订单是违约订单，则赤金交付数额外+2
435,特别订单,贸易站,,可露希尔,精2,10,进驻贸易站时，订单获取效率+10%，固定获取可露希尔特别订单（不视作违约订单）
436,合同法,贸易站,,但书,精0,,进驻贸易站时，如果下笔赤金订单交付数小于4，则视为违约订单
437,谈判,贸易站,,史都华德；暗索；桃金娘,精0；精1,,进驻贸易站时，订单上限+5，心情每小时消耗-0.25
438,醉翁之意·α,贸易站,,拉普兰德,精0,,当与德克萨斯在同一个贸易站时，心情每小时消耗-0.1，订单上限+2
439,醉翁之意·β,贸易站,,拉普兰德,精2,,当与德克萨斯在同一个贸易站时，心情每小时消耗-0.1，订单上限+4
440,默契,贸易站,,德克萨斯,精2,,当与能天使在同一个贸易站时，心情每小时消耗-0.3
441,未偿还的债务,贸易站,,贝洛内,精0,,当与伺夜在同一个贸易站时，心情每小时消耗-0.1，订单上限+2
442,多面逢源,贸易站,,佩佩,精0,,进驻贸易站时，当前贸易站每级+1个订单上限
443,钱不我待,贸易站,,瑰盐,精0,,进驻贸易站时，当前贸易站每级+1个订单上限
444,市井之道,贸易站,,孑,精1,,进驻贸易站时，当前贸易站内其他干员提供的每10%订单获取效率使订单上限-1（订单最少为1），同时每有1笔订单就+4%订单获取效率（与部分技能有特殊叠加规则）
445,摊贩经济,贸易站,,孑,精0,,进驻贸易站时，当前订单数与订单上限每差1笔订单，则订单获取效率+4%
446,际崖居民,贸易站,,鸿雪,精2,,进驻贸易站时，基建内（不包含副手及活动室使用者）每1名杜林族干员（最多4名）为当前贸易站提供1条赤金生产线
447,订单流可视化·α,贸易站,,绮良,精0,5,进驻贸易站时，订单获取效率+5%，每有4条赤金生产线，则为当前贸易站额外提供2条赤金生产线
448,订单流可视化·β,贸易站,,绮良,精2,5,进驻贸易站时，订单获取效率+5%，每有2条赤金生产线，则为当前贸易站额外提供2条赤金生产线
449,投资·α,贸易站,,龙舌兰,精0,,进驻贸易站后，如果下笔赤金订单交付数大于3（违约订单不视作赤金订单），则其龙门币收益+250，心情每小时消耗-0.25
450,投资·β,贸易站,,龙舌兰,精2,,进驻贸易站后，如果下笔赤金订单交付数大于3（违约订单不视作赤金订单），则其龙门币收益+500，心情每小时消耗-0.25
451,白手起家·α,贸易站,,赫德雷,精0,25,进驻贸易站时，订单获取效率+25%；当伊内丝入驻工作场所时（不包含副手），订单获取效率额外+5%
452,白手起家·β,贸易站,,赫德雷,精2,30,进驻贸易站时，订单获取效率+30%；当伊内丝、W入驻工作场所时（不包含副手），订单获取效率分别额外+5%
453,慧眼独到,贸易站,,佩佩,精2,,进驻贸易站时，固定获取特别独占订单（不视作违约订单），且该类订单不受任何订单获取效率的影响
454,交际,贸易站,,古米；月见夜；空爆,精0,30,进驻贸易站时，订单获取效率+30%，心情每小时消耗-0.25
455,恩怨,贸易站,,德克萨斯,精0,,当与拉普兰德在同一个贸易站时，心情每小时消耗+0.3，订单获取效率+65%
456,虔诚筹款·α,贸易站,,空弦,精0,,进驻贸易站时，每间宿舍每级+1%获取效率
457,虔诚筹款·β,贸易站,,空弦,精2,,进驻贸易站时，每间宿舍每级+2%获取效率
458,精准排期,贸易站,,石英,精1,30,进驻贸易站时，订单获取效率+30%，制造站每有1类配方进行加工，则当前贸易站订单获取效率额外+2%
459,物流规划·α,贸易站,,图耶,精0,5,进驻贸易站时，订单获取效率+5%，每有4条赤金生产线，则当前贸易站订单获取效率额外+15%
460,物流规划·β,贸易站,,图耶,精2,5,进驻贸易站时，订单获取效率+5%，每有2条赤金生产线，则当前贸易站订单获取效率额外+15%
461,销路宣发,贸易站,,鸿雪,精0,,进驻贸易站时，每有1条赤金生产线，则当前贸易站订单获取效率+5%
462,可爱的艾露猫,贸易站,,泰拉大陆调查团,精0,5,进驻贸易站时，订单获取效率+5%，且订单上限+2，同时每有1个木天蓼，则订单获取效率+3%
463,订单管理·α,贸易站,,四月；翎羽；黑角,精0；精1,10,进驻贸易站时，订单获取效率+10%，且订单上限+2
464,订单管理·β,贸易站,,四月；涤火杰西卡,精0；精2,10,进驻贸易站时，订单获取效率+10%，且订单上限+4
465,供应管理,贸易站,,梓兰；玫兰莎；远山,精0；精1,25,进驻贸易站时，订单获取效率+25%，且订单上限+1
466,喀兰贸易·α,贸易站,,角峰；讯使；银灰,精0,15,进驻贸易站时，订单获取效率+15%，且订单上限+2
467,喀兰贸易·β,贸易站,,崖心,精2,15,进驻贸易站时，订单获取效率+15%，且订单上限+4
468,喀兰之主,贸易站,,银灰,精2,20,进驻贸易站时，订单获取效率+20%，且订单上限+4
469,企鹅物流·α,贸易站,,可颂,精0,20,进驻贸易站时，订单获取效率+20%
470,使命必达,贸易站,,可颂,精2,30,进驻贸易站时，订单获取效率+30%，且订单上限+1
471,峯驰物流,贸易站,,拜松,精0,20,进驻贸易站时，订单获取效率+20%
472,少当家,贸易站,,拜松,精2,30,进驻贸易站时，订单获取效率+30%，且订单上限+1
473,订单分发·α,贸易站,,衡沙,精0,20,进驻贸易站时，订单获取效率+20%
474,大巴扎管理学,贸易站,,衡沙,精2,30,进驻贸易站时，订单获取效率+30%，且订单上限+1
475,半身人公会代表,贸易站,,齐尔查克,精0,30,进驻贸易站时，订单获取效率+30%，且订单上限+1
476,威压,贸易站,,锏,精0,20,进驻贸易站时，订单获取效率+20%，且订单上限-2（订单最少为1）
477,不怒自威,贸易站,,锏,精2,25,进驻贸易站时，订单获取效率+25%，且订单上限-6（订单最少为1）
478,新城贸易,贸易站,,伺夜,精2,25,进驻贸易站时，订单获取效率+25%，会客室每级额外提供5%获取效率，最多提供40%效率
479,天生的顾问,贸易站,,渡桥,精2,15,进驻贸易站时，订单获取效率+15%，会客室每级额外提供5%获取效率，最多提供30%效率
480,订单分发·α,贸易站,,蕾缪安,精0,20,进驻贸易站时，订单获取效率+20%
481,相伴,贸易站,,蕾缪安,精2,20,进驻贸易站时，订单获取效率+20%；当与能天使在同一个贸易站时，订单获取效率额外+25%
482,外贸决议·α,贸易站,,维娜·维多利亚,精0,30,进驻贸易站时，订单获取效率+30%
483,外贸决议·β,贸易站,,维娜·维多利亚,精2,30,进驻贸易站时，订单获取效率+30%；当前贸易站内存在格拉斯哥帮干员时，订单获取效率额外+10%
484,代为说项,贸易站,,火哨,精2,,进驻贸易站时，贸易站内除自身以外每名处于工作状态的干员+15%订单获取效率
485,勤俭经营·α,贸易站,,吉星,精0,,进驻贸易站时，贸易站内除自身以外每名处于工作状态的干员+10%订单获取效率
486,勤俭经营·β,贸易站,,吉星,精2,,进驻贸易站时，贸易站内除自身以外每名处于工作状态的干员+20%订单获取效率
487,订单分发·α,贸易站,,真言,精0,20,进驻贸易站时，订单获取效率+20%
488,精英小队,贸易站,,真言,精2,25,进驻贸易站时，订单获取效率+25%，基建内（不包含副手及活动室）每有一间进驻精英干员的设施，订单获取效率额外+2%（最多10间）
489,“孺子可教！”,贸易站,,风絮,精2,,进驻贸易站时，基建内（不包含副手及活动室）每有一间进驻岁干员的设施，订单获取效率+4%（最多5间）
490,天真的谈判者,贸易站,,U-Official,精0,10,进驻贸易站时，订单获取效率+10%，当前贸易站赤金订单的赤金交付数必定为2（不视作违约订单）
491,订单分发·α,贸易站,,安德切尔；海蒂；深海色；琳琅诗怀雅；蛇屠箱；风絮；香草,精0；精1,20,进驻贸易站时，订单获取效率+20%
492,订单分发·β,贸易站,,夜刀；夜烟；安比尔；慕斯；缠丸；芬,精0；精1,30,进驻贸易站时，订单获取效率+30%
493,企鹅物流·α,贸易站,,能天使,精0,20,进驻贸易站时，订单获取效率+20%
494,企鹅物流·β,贸易站,,空,精2,30,进驻贸易站时，订单获取效率+30%
495,物流专家,贸易站,,能天使,精2,35,进驻贸易站时，订单获取效率+35%
496,名流欢会,贸易站,,海蒂,精2,35,进驻贸易站时，订单获取效率+35%
497,订单分发·β,贸易站,,瑰盐,精2,30,进驻贸易站时，订单获取效率+30%
498,徘徊旋律,贸易站,,黑键,精0,,进驻贸易站时，每4点无声共鸣+1%订单效率
499,怅惘和声,贸易站,,黑键,精2,,进驻贸易站时，每2点无声共鸣+1%订单效率
500,熟悉的味道,贸易站,,齐尔查克,精2,,进驻贸易站时，每1点魔物料理+1%订单效率
501,乐感,贸易站,,黑键,精0,,进驻贸易站时，宿舍内每有1名干员则感知信息+1，同时每1点感知信息转化为1点无声共鸣
502,“愿者上钩”,贸易站,,乌有,精2,,进驻贸易站时，宿舍内每有1名干员则人间烟火+1，同时每有1点人间烟火，则订单获取效率+1%
503,对陆接洽代表·α,贸易站,,深巡,精0,25,进驻贸易站时，订单获取效率+25%；当乌尔比安在基建内时（不包含副手及活动室使用者），订单获取效率额外+5%
504,对陆接洽代表·β,贸易站,,深巡,精2,30,进驻贸易站时，订单获取效率+30%；当乌尔比安在基建内时（不包含副手及活动室使用者），订单获取效率额外+10%
505,家族经营·α,贸易站,,贝洛内,精0,25,进驻贸易站时，订单获取效率+25%；当伺夜在基建内时（不包含副手及活动室使用者），订单获取效率额外+5%
506,家族经营·β,贸易站,,贝洛内,精2,30,进驻贸易站时，订单获取效率+30%；当伺夜在基建内时（不包含副手及活动室使用者），订单获取效率额外+10%
507,帮派指南针,贸易站,,摩根,精2,,进驻贸易站时，同个贸易站中每有1名格拉斯哥帮干员，当前贸易站订单获取效率+20%；当与推进之王在同一个贸易站时，订单获取效率额外+35%
508,同城加急单,贸易站,,新约能天使,精2,,进驻贸易站时，同个贸易站中每有1名拉特兰干员，当前贸易站订单获取效率+15%
509,天道酬勤·α,贸易站,,雪雉,精0,,进驻贸易站时，当前贸易站内干员提供的每5%订单获取效率，额外提供5%效率，最多提供25%效率
510,天道酬勤·β,贸易站,,雪雉,精2,,进驻贸易站时，当前贸易站内干员提供的每5%订单获取效率，额外提供5%效率，最多提供35%效率
511,冠军风采,贸易站,,锏,精2,,进驻贸易站时，当前贸易站内干员提升的每5个订单上限，提供25%订单获取效率，最多提供100%效率
512,招商引资,贸易站,,琳琅诗怀雅,精2,,进驻贸易站时，当前贸易站内干员提升的每个订单上限，提供4%订单获取效率
513,低语,贸易站,,巫恋,精2,,进驻贸易站时，当前贸易站内其他干员提供的订单获取效率全部归零，且每人为自身+45%订单获取效率，同时全体心情每小时消耗+0.25
514,裁缝·α,贸易站,,巫恋；明椒；柏喙；贝娜,精0；精2,,进驻贸易站时，小幅提升当前贸易站高品质贵金属订单的出现概率（工作时长影响概率），心情每小时消耗-0.25
515,手工艺品·α,贸易站,,卡夫卡,精0,,进驻贸易站时，小幅提升当前贸易站高品质贵金属订单的出现概率（工作时长影响概率），心情每小时消耗-0.25
516,鉴定师的眼光,贸易站,,折光,精0,,进驻贸易站时，小幅提升当前贸易站高品质贵金属订单的出现概率（工作时长影响概率），心情每小时消耗-0.25
517,懂行,贸易站,,渡桥,精0,,进驻贸易站时，小幅提升当前贸易站高品质贵金属订单的出现概率（工作时长影响概率），心情每小时消耗-0.25
518,裁缝·β,贸易站,,明椒；柏喙,精2,,进驻贸易站时，提升当前贸易站高品质贵金属订单的出现概率（工作时长影响概率），心情每小时消耗-0.25
519,手工艺品·β,贸易站,,卡夫卡,精2,,进驻贸易站时，提升当前贸易站高品质贵金属订单的出现概率（工作时长影响概率），心情每小时消耗-0.25
520,鉴定师的手段,贸易站,,折光,精2,,进驻贸易站时，提升当前贸易站高品质贵金属订单的出现概率（工作时长影响概率），心情每小时消耗-0.25
521,工作狂,训练室,SNIPER,假日威龙陈,精2,,进驻训练室协助狙击干员训练专精技能至1级时，心情每小时消耗+1
522,过量训练,训练室,WARRIOR,百炼嘉维尔,精2,,进驻训练室协助近卫干员训练专精技能至3级时，心情每小时消耗+1
523,索然无味,训练室,SNIPER,W,精2,,进驻训练室协助狙击干员训练专精技能至3级时，心情每小时消耗+1
524,何须解脱,训练室,CASTER,死芒,精2,,进驻训练室协助术师干员训练专精技能至3级时，心情每小时消耗+1
525,变异,训练室,SUPPORT,浊心斯卡蒂,精2,,进驻训练室协助辅助干员训练专精技能至3级时，心情每小时消耗+1
526,斗争渴望,训练室,SPECIAL,归溟幽灵鲨,精2,,进驻训练室协助特种干员训练专精技能至3级时，心情每小时消耗+1
527,苦心孤诣,训练室,PIONEER；WARRIOR；TANK；SNIPER；CASTER；MEDIC；SUPPORT；SPECIAL,望,精2,,进驻训练室协助位时，如果本次训练专精技能至3级，专精技能训练速度+70%
528,先锋专精·α,训练室,PIONEER,夜半,精0,30,进驻训练室协助位时，先锋干员的专精技能训练速度+30%
529,近卫专精·α,训练室,WARRIOR,燧石；百炼嘉维尔；赤冬；铸铁,精0,30,进驻训练室协助位时，近卫干员的专精技能训练速度+30%
530,重装专精·α,训练室,TANK,暴雨；极光,精0,30,进驻训练室协助位时，重装干员的专精技能训练速度+30%
531,狙击专精·α,训练室,SNIPER,W；假日威龙陈；埃拉托；玫拉,精0,30,进驻训练室协助位时，狙击干员的专精技能训练速度+30%
532,术师专精·α,训练室,CASTER,薄绿,精0,30,进驻训练室协助位时，术师干员的专精技能训练速度+30%
533,术师专精·α,训练室,CASTER,死芒,精0,30,进驻训练室协助位时，术师干员的专精技能训练速度+30%
534,辅助专精·α,训练室,SUPPORT,浊心斯卡蒂,精0,30,进驻训练室协助位时，辅助干员的专精技能训练速度+30%
535,特种专精·α,训练室,SPECIAL,归溟幽灵鲨；罗宾,精0,30,进驻训练室协助位时，特种干员的专精技能训练速度+30%
536,战术研习,训练室,PIONEER,夜半,精2,30,进驻训练室协助位时，先锋干员的专精技能训练速度+30%，如果本次训练专精技能至1级，则训练速度额外+45%
537,先锋专精·α,训练室,PIONEER,凛御银灰,精0,30,进驻训练室协助位时，先锋干员的专精技能训练速度+30%
538,先驱者共识,训练室,PIONEER,凛御银灰,精2,30,进驻训练室协助位时，先锋干员的专精技能训练速度+30%，如果本次训练专精技能至3级，则训练速度额外+50%
539,信影流,训练室,WARRIOR,赤冬,精2,30,进驻训练室协助位时，近卫干员的专精技能训练速度+30%，如果本次训练专精技能至1级，则训练速度额外+45%
540,极地生存,训练室,TANK,极光,精2,30,进驻训练室协助位时，重装干员的专精技能训练速度+30%，如果本次训练专精技能至1级，则训练速度额外+45%
541,一知半解,训练室,CASTER,特米米,精2,30,进驻训练室协助位时，术师干员的专精技能训练速度+30%，如果本次训练专精技能至1级，则训练速度额外+45%
542,陷阱对焦,训练室,SPECIAL,罗宾,精2,30,进驻训练室协助位时，特种干员的专精技能训练速度+30%，如果本次训练专精技能至1级，则训练速度额外+45%
543,苦行,训练室,WARRIOR,燧石,精2,30,进驻训练室协助位时，近卫干员的专精技能训练速度+30%，如果本次训练专精技能至2级，则训练速度额外+45%
544,阵地经验,训练室,TANK,暴雨,精2,30,进驻训练室协助位时，重装干员的专精技能训练速度+30%，如果本次训练专精技能至2级，则训练速度额外+45%
545,拂弦,训练室,SNIPER,埃拉托,精2,30,进驻训练室协助位时，狙击干员的专精技能训练速度+30%，如果本次训练专精技能至2级，则训练速度额外+45%
546,博览群书,训练室,CASTER,薄绿,精2,30,进驻训练室协助位时，术师干员的专精技能训练速度+30%，如果本次训练专精技能至2级，则训练速度额外+45%
547,护理专精,训练室,MEDIC,濯尘芙蓉,精2,30,进驻训练室协助位时，医疗干员的专精技能训练速度+30%，如果本次训练专精技能至2级，则训练速度额外+45%
548,尽心尽力,训练室,WARRIOR,铸铁,精2,30,进驻训练室协助位时，近卫干员的专精技能训练速度+30%，如果本次训练专精技能至3级，则训练速度额外+45%
549,近卫专精·α,训练室,WARRIOR,哈蒂娅,精0,30,进驻训练室协助位时，近卫干员的专精技能训练速度+30%
550,勇气传承,训练室,WARRIOR,哈蒂娅,精2,30,进驻训练室协助位时，近卫干员的专精技能训练速度+30%，如果本次训练专精技能至3级，则训练速度额外+45%
551,以身作则,训练室,SNIPER,假日威龙陈,精2,30,进驻训练室协助位时，狙击干员的专精技能训练速度+30%，如果本次训练专精技能至1级，则训练速度额外+65%
552,实战指导,训练室,WARRIOR,百炼嘉维尔,精2,30,进驻训练室协助位时，近卫干员的专精技能训练速度+30%，如果本次训练专精技能至3级，则训练速度额外+65%
553,最终调试,训练室,SNIPER,玫拉,精2,30,进驻训练室协助位时，狙击干员的专精技能训练速度+30%，如果本次训练专精技能至3级，则训练速度额外+45%
554,伺机而动,训练室,SNIPER,W,精2,30,进驻训练室协助位时，狙击干员的专精技能训练速度+30%，如果本次训练专精技能至3级，则训练速度额外+65%
555,死焰指引,训练室,CASTER,死芒,精2,30,进驻训练室协助位时，术师干员的专精技能训练速度+30%，如果本次训练专精技能至3级，则训练速度额外+65%
556,同化,训练室,SUPPORT,浊心斯卡蒂,精2,30,进驻训练室协助位时，辅助干员的专精技能训练速度+30%，如果本次训练专精技能至3级，则训练速度额外+65%
557,阿戈尔战术,训练室,SPECIAL,归溟幽灵鲨,精2,30,进驻训练室协助位时，特种干员的专精技能训练速度+30%，如果本次训练专精技能至3级，则训练速度额外+65%
558,重装专精·α,训练室,TANK,暮落,精0,30,进驻训练室协助位时，重装干员的专精技能训练速度+30%
559,实战技巧：驭法铁卫,训练室,TANK,暮落,精2,30,进驻训练室协助位时，重装干员的专精技能训练速度+30%，如果训练位干员分支为驭法铁卫，则训练速度额外+45%
560,实战技巧：速射,训练室,SNIPER,寒芒克洛丝,精2,30,进驻训练室协助位时，狙击干员的专精技能训练速度+30%，如果训练位干员分支为速射手，则训练速度额外+45%
561,近卫专精·α,训练室,WARRIOR,达格达,精0,30,进驻训练室协助位时，近卫干员的专精技能训练速度+30%
562,实战技巧：斗士,训练室,WARRIOR,达格达,精2,30,进驻训练室协助位时，近卫干员的专精技能训练速度+30%，如果训练位干员分支为斗士，则训练速度额外+45%
563,近卫专精·α,训练室,WARRIOR,仇白,精0,30,进驻训练室协助位时，近卫干员的专精技能训练速度+30%
564,实战技巧：领主,训练室,WARRIOR,仇白,精2,30,进驻训练室协助位时，近卫干员的专精技能训练速度+30%，如果训练位干员分支为领主，则训练速度额外+45%
565,实战技巧：攻城手,训练室,SNIPER,提丰,精2,30,进驻训练室协助位时，狙击干员的专精技能训练速度+30%，如果训练位干员分支为攻城手，则训练速度额外+45%
566,医疗专精·α,训练室,MEDIC,纯烬艾雅法拉,精0,30,进驻训练室协助位时，医疗干员的专精技能训练速度+30%
567,实战技巧：行医,训练室,MEDIC,纯烬艾雅法拉,精2,30,进驻训练室协助位时，医疗干员的专精技能训练速度+30%，如果训练位干员分支为行医，则训练速度额外+45%
568,医疗专精·α,训练室,MEDIC,莎草,精0,30,进驻训练室协助位时，医疗干员的专精技能训练速度+30%
569,实战技巧：链愈师,训练室,MEDIC,莎草,精2,30,进驻训练室协助位时，医疗干员的专精技能训练速度+30%，如果训练位干员分支为链愈师，则训练速度额外+45%
570,医疗专精·α,训练室,MEDIC,录武官,精0,30,进驻训练室协助位时，医疗干员的专精技能训练速度+30%
571,先锋专精·α,训练室,PIONEER,嵯峨；格拉尼；翎羽,精0,30,进驻训练室协助位时，先锋干员的专精技能训练速度+30%
572,先锋专精·β,训练室,PIONEER,格拉尼；红豆,精1；精2,50,进驻训练室协助位时，先锋干员的专精技能训练速度+50%
573,近卫专精·α,训练室,WARRIOR,史尔特尔；布洛卡；烈夏；猎蜂；芙兰卡；鞭刃,精0,30,进驻训练室协助位时，近卫干员的专精技能训练速度+30%
574,近卫专精·β,训练室,WARRIOR,布洛卡；芙兰卡,精2,50,进驻训练室协助位时，近卫干员的专精技能训练速度+50%
575,重装专精·α,训练室,TANK,坚雷；星熊,精0,30,进驻训练室协助位时，重装干员的专精技能训练速度+30%
576,重装专精·β,训练室,TANK,角峰,精1,50,进驻训练室协助位时，重装干员的专精技能训练速度+50%
577,狙击专精·α,训练室,SNIPER,白金；送葬人,精0,30,进驻训练室协助位时，狙击干员的专精技能训练速度+30%
578,狙击专精·β,训练室,SNIPER,白金,精2,50,进驻训练室协助位时，狙击干员的专精技能训练速度+50%
579,术师专精·α,训练室,CASTER,卡涅利安；夜魔；天火；蜜蜡,精0,30,进驻训练室协助位时，术师干员的专精技能训练速度+30%
580,术师专精·β,训练室,CASTER,天火；蜜蜡,精2,50,进驻训练室协助位时，术师干员的专精技能训练速度+50%
581,辅助专精·α,训练室,SUPPORT,真理；铃兰,精0,30,进驻训练室协助位时，辅助干员的专精技能训练速度+30%
582,辅助专精·β,训练室,SUPPORT,初雪,精2,50,进驻训练室协助位时，辅助干员的专精技能训练速度+50%
583,医疗专精·α,训练室,MEDIC,华法琳；嘉维尔；苏苏洛,精0；精1,30,进驻训练室协助位时，医疗干员的专精技能训练速度+30%
584,医疗专精·β,训练室,MEDIC,华法琳,精2,50,进驻训练室协助位时，医疗干员的专精技能训练速度+50%
585,特种专精·α,训练室,SPECIAL,傀影；狮蝎,精0,30,进驻训练室协助位时，特种干员的专精技能训练速度+30%
586,特种专精·β,训练室,SPECIAL,狮蝎,精2,50,进驻训练室协助位时，特种干员的专精技能训练速度+50%
587,近卫专精·α,训练室,WARRIOR,聆音,精0,30,进驻训练室协助位时，近卫干员的专精技能训练速度+30%
588,特种专精·β,训练室,SPECIAL,云迹,精2,50,进驻训练室协助位时，特种干员的专精技能训练速度+50%
589,入世,训练室,PIONEER,嵯峨,精2,60,进驻训练室协助位时，先锋干员的专精技能训练速度+60%
590,剑术记忆,训练室,WARRIOR,史尔特尔,精2,60,进驻训练室协助位时，近卫干员的专精技能训练速度+60%
591,般若,训练室,TANK,星熊,精2,60,进驻训练室协助位时，重装干员的专精技能训练速度+60%
592,黑矢,训练室,SNIPER,黑,精2,60,进驻训练室协助位时，狙击干员的专精技能训练速度+60%
593,尽在掌握,训练室,CASTER,卡涅利安,精2,60,进驻训练室协助位时，术师干员的专精技能训练速度+60%
594,共鸣,训练室,SUPPORT,铃兰,精2,60,进驻训练室协助位时，辅助干员的专精技能训练速度+60%
595,精准手术,训练室,MEDIC,阿,精2,60,进驻训练室协助位时，医疗干员的专精技能训练速度+60%
596,假面魅影,训练室,SPECIAL,傀影,精2,60,进驻训练室协助位时，特种干员的专精技能训练速度+60%
597,教官,训练室,PIONEER；WARRIOR；TANK；SNIPER；CASTER；MEDIC；SUPPORT；SPECIAL,鞭刃,精2,25,进驻训练室协助位时，干员的专精技能训练速度+25%
598,教官,训练室,PIONEER；WARRIOR；TANK；SNIPER；CASTER；MEDIC；SUPPORT；SPECIAL,杜宾；诗怀雅,精1；精2,25,进驻训练室协助位时，干员的专精技能训练速度+25%
599,学无不精·α,训练室,PIONEER；WARRIOR；TANK；SNIPER；CASTER；MEDIC；SUPPORT；SPECIAL,左乐,精0,25,进驻训练室协助位时，干员的专精技能训练速度+25%
600,学无不精·α,训练室,PIONEER；WARRIOR；TANK；SNIPER；CASTER；MEDIC；SUPPORT；SPECIAL,录武官,精2,25,进驻训练室协助位时，干员的专精技能训练速度+25%
601,思而后行,训练室,WARRIOR,左乐,精2,,进驻训练室协助位时，每完整协助完成1次专精训练，累计一定武道。武道达到上限时，下一次开始协助近卫干员训练专精技能至1级将立即完成，并消耗已有武道
602,与人乐,训练室,PIONEER；WARRIOR；TANK；SNIPER；CASTER；MEDIC；SUPPORT；SPECIAL,余,精2,,进驻训练室协助位时，心情每小时消耗+1，每1点人间烟火+1%专精技能训练速度
603,破斩桎梏,训练室,SPECIAL；PIONEER,缄默德克萨斯,精2,30,进驻训练室协助位时，特种与先锋干员的专精技能训练速度+30%，如果本次训练专精技能至2级，则训练速度额外+50%
604,沉默为剑,训练室,SPECIAL；PIONEER,缄默德克萨斯,精0,30,进驻训练室协助位时，特种与先锋干员的专精技能训练速度+30%
605,剑与手炮,训练室,WARRIOR；SNIPER,艾丽妮,精0,30,进驻训练室协助位时，近卫与狙击干员的专精技能训练速度+30%
606,红龙之血,训练室,CASTER；MEDIC,焰影苇草,精0,30,进驻训练室协助位时，术师与医疗干员的专精技能训练速度+30%
607,红龙之血,训练室,CASTER；MEDIC,焰影苇草,精2,45,进驻训练室协助位时，术师与医疗干员的专精技能训练速度+45%
608,女妖之力,训练室,CASTER；SUPPORT,逻各斯,精0,30,进驻训练室协助位时，术师与辅助干员的专精技能训练速度+30%
609,“问题应当准确”,训练室,WARRIOR；SUPPORT,乌尔比安,精0,30,进驻训练室协助位时，近卫与辅助干员的专精技能训练速度+30%
610,恣意英杰,训练室,CASTER；WARRIOR,荒芜拉普兰德,精0,30,进驻训练室协助位时，术师与近卫干员的专精技能训练速度+30%
611,“我不懂啊”,训练室,CASTER；WARRIOR,维伊,精0,30,进驻训练室协助位时，术师与近卫干员的专精技能训练速度+30%
612,“触类旁通”,训练室,CASTER；WARRIOR,维伊,精2,45,进驻训练室协助位时，术师与近卫干员的专精技能训练速度+45%
613,雪祀候补,训练室,PIONEER；WARRIOR；TANK；SNIPER；CASTER；MEDIC；SUPPORT；SPECIAL,寒檀,精2,,进驻训练室协助位时，基建内（不包含副手及活动室使用者）每名萨米干员为当前干员的专精技能训练速度+10%（最多生效3名）
614,“手段应当有效”,训练室,PIONEER；WARRIOR；TANK；SNIPER；CASTER；MEDIC；SUPPORT；SPECIAL,乌尔比安,精2,,进驻训练室协助位时，心情每小时消耗+1，基建内（不包含副手及活动室使用者）每名深海猎人干员为当前干员的专精技能训练速度+10%（最多生效5名）
615,精神锻炼,训练室,PIONEER；WARRIOR；TANK；SNIPER；CASTER；MEDIC；SUPPORT；SPECIAL,艾丽妮,精2,,进驻训练室单次协助一名干员训练时长达5小时，则该名干员下次训练所需时间-50%（任意一方离开训练室时，效果消失）
616,言语之义,训练室,PIONEER；WARRIOR；TANK；SNIPER；CASTER；MEDIC；SUPPORT；SPECIAL,逻各斯,精2,,进驻训练室单次协助一名干员训练时长达5小时，则该名干员下次训练所需时间-50%（任意一方离开训练室时，效果消失）
617,骑士训练,训练室,PIONEER；WARRIOR；TANK；SNIPER；CASTER；MEDIC；SUPPORT；SPECIAL,耀骑士临光,精0,,进驻训练室协助位时，基建内（不包含副手及活动室使用者）每名骑士干员为当前干员的专精技能训练速度+5%（最多生效5名）
618,崇高准则,训练室,PIONEER；WARRIOR；TANK；SNIPER；CASTER；MEDIC；SUPPORT；SPECIAL,耀骑士临光,精2,,进驻训练室协助位时，基建内（不包含副手及活动室使用者）每名骑士干员为当前干员的专精技能训练速度+5%（最多生效8名）
619,战术指导·防守,训练室,PIONEER；WARRIOR；TANK；SNIPER；CASTER；MEDIC；SUPPORT；SPECIAL,艾拉,精0,,进驻训练室协助位时，基建内（不包含副手及活动室使用者）每名防守方干员为当前干员的专精技能训练速度+10%（最多生效4名）
620,战术指导·进攻,训练室,PIONEER；WARRIOR；TANK；SNIPER；CASTER；MEDIC；SUPPORT；SPECIAL,双月,精0,,进驻训练室协助位时，基建内（不包含副手及活动室使用者）每名进攻方干员为当前干员的专精技能训练速度+10%（最多生效4名）
621,叙拉古狂欢,训练室,PIONEER；WARRIOR；TANK；SNIPER；CASTER；MEDIC；SUPPORT；SPECIAL,荒芜拉普兰德,精2,,进驻训练室协助位时，基建内（不包含副手及活动室使用者）每名叙拉古干员为当前干员的专精技能训练速度+5%（最多生效7名）
622,战术指导·防守,训练室,PIONEER；WARRIOR；TANK；SNIPER；CASTER；MEDIC；SUPPORT；SPECIAL,医生,精0,,进驻训练室协助位时，基建内（不包含副手及活动室使用者）每名防守方干员为当前干员的专精技能训练速度+10%（最多生效4名）
623,战术指导·进攻,训练室,PIONEER；WARRIOR；TANK；SNIPER；CASTER；MEDIC；SUPPORT；SPECIAL,导火索,精0,,进驻训练室协助位时，基建内（不包含副手及活动室使用者）每名进攻方干员为当前干员的专精技能训练速度+10%（最多生效4名）
624,因果,加工站,F_BUILDING；F_EVOLVE；F_SKILL；F_ASC,九色鹿,精0,,进驻加工站时，累积40点因果必定产出一次副产品
625,业报,加工站,F_BUILDING；F_EVOLVE；F_SKILL；F_ASC,九色鹿,精2,,进驻加工站时，累积80点业报必定产出一次副产品
626,心相连,加工站,F_EVOLVE,白铁,精0,,进驻加工站加工精英材料时，宿舍内每有10名心情12以下的干员时，心情消耗为4的配方心情消耗全部-1
627,热心修补匠,加工站,F_EVOLVE,瑕光,精2,40,进驻加工站加工精英材料时，副产品的产出概率提升40%，同时心情消耗为8以上的配方全部-4心情消耗
628,大匠之心·α,加工站,F_EVOLVE,矩,精0,60,进驻加工站加工精英材料时，副产品的产出概率提升60%，同时心情消耗为8以上的配方全部-2心情消耗
629,大匠之心·β,加工站,F_EVOLVE,矩,精2,80,进驻加工站加工精英材料时，副产品的产出概率提升80%，同时心情消耗为4以上的配方全部-2心情消耗
630,放空,加工站,F_SKILL,羽毛笔,精0,,进驻加工站加工技巧概要时，心情消耗为2的配方全部-1心情消耗
631,宣传阵线,加工站,F_SKILL,伯塔尼,精0,,进驻加工站加工技巧概要时，心情消耗为2的配方全部-1心情消耗
632,一丝不苟,加工站,F_EVOLVE,亚叶；露托,精0；精2,,进驻加工站加工精英材料时，心情消耗为2的配方全部-1心情消耗
633,谨慎加工,加工站,F_EVOLVE,维荻,精0,,进驻加工站加工精英材料时，心情消耗为2的配方全部-1心情消耗
634,长生的余裕,加工站,F_EVOLVE,诺威尔,精2,,进驻加工站加工精英材料时，心情消耗为2的配方全部-1心情消耗
635,灵感,加工站,F_EVOLVE,奥斯塔；贾维,精0,,进驻加工站加工精英材料时，心情消耗为4的配方全部-1心情消耗
636,熔铸,加工站,F_EVOLVE,熔泉,精0,,进驻加工站加工精英材料时，心情消耗为4的配方全部-1心情消耗
637,军事工程学,加工站,F_EVOLVE,号角,精0,,进驻加工站加工精英材料时，心情消耗为4的配方全部-1心情消耗
638,极简实用主义,加工站,F_EVOLVE,慑砂,精0,,进驻加工站加工精英材料时，心情消耗为4的配方全部-2心情消耗
639,便携蓄电池,加工站,F_BUILDING,松果,精1,,进驻加工站加工基建材料时，心情消耗为2的配方全部-1心情消耗
640,选矿学,加工站,F_BUILDING,莱恩哈特,精2,,进驻加工站加工基建材料时，心情消耗为4的配方全部-2心情消耗
641,不倒霉的一天,加工站,F_BUILDING,青枳,精2,,进驻加工站加工基建材料时，心情消耗为4的配方全部-2心情消耗
642,淡泊,加工站,F_ASC,刻刀,精1,,进驻加工站加工芯片时，心情消耗为2的配方全部-1心情消耗
643,勤学不倦,加工站,F_BUILDING；F_EVOLVE；F_SKILL；F_ASC,万顷,精2,,进驻加工站加工任意类材料时，心情消耗为4的配方全部-1心情消耗
644,拍摄日愉快,加工站,F_BUILDING；F_EVOLVE；F_SKILL；F_ASC,蒂比,精2,,进驻加工站加工任意类材料时，心情消耗为2的配方全部-1心情消耗
645,与历史对话,加工站,F_EVOLVE,缇缇,精2,,进驻加工站加工精英材料时，心情消耗为8的配方全部-4心情消耗
646,执著,加工站,F_EVOLVE,泥岩,精0,,进驻加工站加工精英材料时，相应配方的心情消耗恒定为2
647,苦修之律,加工站,F_EVOLVE,止颂,精0,,进驻加工站加工精英材料时，相应配方的心情消耗恒定为4
648,虔修之律,加工站,F_EVOLVE,止颂,精2,,进驻加工站加工精英材料时，相应配方的心情消耗恒定为3
649,熟极而流,加工站,F_EVOLVE,特克诺,精0,,进驻加工站加工晶体类材料时，全部心情消耗-1
650,铁匠天赋,加工站,F_EVOLVE,折桠,精0,,进驻加工站加工异铁组材料时，心情消耗为2的配方全部-1心情消耗
651,龙腾式无人机,加工站,F_BUILDING；F_EVOLVE；F_SKILL；F_ASC,麦哲伦,精2,,进驻加工站加工任意类材料时，心情消耗为4以上的配方全部-2心情消耗
652,自动化流水线,加工站,F_BUILDING；F_EVOLVE；F_SKILL；F_ASC,凯瑟琳,精2,,进驻加工站加工任意类材料时，心情消耗为4以上的配方全部-2心情消耗
653,肆无忌惮,加工站,F_EVOLVE,年,精0,,进驻加工站加工精英材料时，相应配方全部+2心情消耗
654,DIY·装置,加工站,F_EVOLVE,贾维,精2,,进驻加工站加工装置类材料时，副产品的产出概率提升90%
655,DIY·异铁,加工站,F_EVOLVE,熔泉,精2,,进驻加工站加工异铁类材料时，副产品的产出概率提升90%
656,余料利用,加工站,F_EVOLVE,折桠,精2,,进驻加工站加工异铁组材料时，副产品的产出概率提升90%
657,DIY·聚酸酯,加工站,F_EVOLVE,奥斯塔,精2,,进驻加工站加工聚酸酯类材料时，副产品的产出概率提升90%
658,DIY·源岩,加工站,F_EVOLVE,泥岩,精2,,进驻加工站加工源岩类材料时，副产品的产出概率提升90%
659,DIY·酮凝集·α,加工站,F_EVOLVE,维荻,精1,,进驻加工站加工酮凝集类材料时，副产品的产出概率提升80%
660,DIY·晶体,加工站,F_EVOLVE,特克诺,精2,,进驻加工站加工晶体类材料时，副产品的产出概率提升80%
661,DIY·炽合金,加工站,F_EVOLVE,号角,精2,,进驻加工站加工炽合金块材料时，副产品的产出概率提升100%
662,“物尽其用”,加工站,F_EVOLVE,芳汀,精0,,进驻加工站加工精英材料时，宿舍内每有1名心情4以下的干员，副产品的产出概率提升5%
663,“人善其事”,加工站,F_EVOLVE,芳汀,精1,,进驻加工站加工精英材料时，宿舍内每有1名心情20以下的干员，副产品的产出概率提升5%
664,意相通,加工站,F_EVOLVE,白铁,精2,,进驻加工站加工精英材料时，宿舍内每有1名心情12以下的干员，副产品的产出概率提升5%
665,无用的赠予,加工站,F_EVOLVE,洛洛,精2,,进驻加工站加工精英材料产出T3品质的副产品时，副产品必定为聚酸酯组
666,缓蚀技术,加工站,F_EVOLVE,蚀清,精2,,进驻加工站加工精英材料产出T3品质的副产品时，副产品必定为异铁组
667,岩体锚固,加工站,F_EVOLVE,莱伊,精2,,进驻加工站加工精英材料产出T3品质的副产品时，副产品必定为固源岩组
668,精打细算,加工站,F_EVOLVE,瑕光,精0,,进驻加工站加工精英材料时，减免龙门币消耗
669,机械工程,加工站,F_BUILDING；F_EVOLVE；F_SKILL；F_ASC,霜华,精2,50,进驻加工站加工任意类材料时，副产品的产出概率提升50%，每1点情报储备额外提升5%；如果乌萨斯特饮达到4瓶，则额外提升15%
670,化猫,加工站,F_BUILDING；F_EVOLVE；F_SKILL；F_ASC,罗小黑,精1,,进驻加工站加工任意类材料时，心情消耗为4以上的配方全部除以4心情消耗
671,技巧理论,加工站,F_SKILL,暴行；炎客；缠丸,精0,70,进驻加工站加工技巧概要时，副产品的产出概率提升70%
672,兵者诡道,加工站,F_SKILL,赫拉格,精0,80,进驻加工站加工技巧概要时，副产品的产出概率提升80%
673,荒野生存,加工站,F_SKILL,子月,精2,80,进驻加工站加工技巧概要时，副产品的产出概率提升80%
674,登峰造极,加工站,F_SKILL,炎客,精2,80,进驻加工站加工技巧概要时，副产品的产出概率提升80%
675,克己严修,加工站,F_SKILL,司霆惊蛰,精2,80,进驻加工站加工技巧概要时，副产品的产出概率提升80%
676,适应力,加工站,F_SKILL,羽毛笔,精2,75,进驻加工站加工技巧概要时，副产品的产出概率提升75%
677,獠牙的技艺,加工站,F_SKILL,弑君者,精0,75,进驻加工站加工技巧概要时，副产品的产出概率提升75%
678,灵感改装,加工站,F_SKILL,伯塔尼,精2,75,进驻加工站加工技巧概要时，副产品的产出概率提升75%
679,营养学,加工站,F_EVOLVE,芙蓉,精1,70,进驻加工站加工精英材料时，副产品的产出概率提升70%
680,高效回收,加工站,F_EVOLVE,露托,精1,70,进驻加工站加工精英材料时，副产品的产出概率提升70%
681,气流传动,加工站,F_EVOLVE,云迹,精0,70,进驻加工站加工精英材料时，副产品的产出概率提升70%
682,药理学·α,加工站,F_EVOLVE,嘉维尔；安赛尔；末药；调香师,精0；精1,75,进驻加工站加工精英材料时，副产品的产出概率提升75%
683,过度发挥,加工站,F_EVOLVE,天空盒,精0,75,进驻加工站加工精英材料时，副产品的产出概率提升75%
684,毒理学·α,加工站,F_EVOLVE,亚叶；蓝毒,精0,75,进驻加工站加工精英材料时，副产品的产出概率提升75%
685,爆破材料学·α,加工站,F_EVOLVE,陨星,精0,75,进驻加工站加工精英材料时，副产品的产出概率提升75%
686,腐蚀科学·α,加工站,F_EVOLVE,蚀清,精0,75,进驻加工站加工精英材料时，副产品的产出概率提升75%
687,草药学·α,加工站,F_EVOLVE,蜜莓,精0,75,进驻加工站加工精英材料时，副产品的产出概率提升75%
688,必修课程,加工站,F_EVOLVE,掠风,精0,75,进驻加工站加工精英材料时，副产品的产出概率提升75%
689,探井人·α,加工站,F_EVOLVE,莱伊,精0,75,进驻加工站加工精英材料时，副产品的产出概率提升75%
690,熟手的尊严,加工站,F_EVOLVE,诺威尔,精0,75,进驻加工站加工精英材料时，副产品的产出概率提升75%
691,修旧如旧·α,加工站,F_EVOLVE,缇缇,精0,75,进驻加工站加工精英材料时，副产品的产出概率提升75%
692,工业设计,加工站,F_EVOLVE,慑砂,精2,75,进驻加工站加工精英材料时，副产品的产出概率提升75%
693,药理学·β,加工站,F_EVOLVE,苏苏洛,精1,80,进驻加工站加工精英材料时，副产品的产出概率提升80%
694,毒理学·β,加工站,F_EVOLVE,蓝毒,精2,80,进驻加工站加工精英材料时，副产品的产出概率提升80%
695,爆破材料学·β,加工站,F_EVOLVE,空爆；陨星,精1；精2,80,进驻加工站加工精英材料时，副产品的产出概率提升80%
696,腐蚀科学·β,加工站,F_EVOLVE,蚀清,精2,80,进驻加工站加工精英材料时，副产品的产出概率提升80%
697,草药学·β,加工站,F_EVOLVE,蜜莓,精2,80,进驻加工站加工精英材料时，副产品的产出概率提升80%
698,探井人·β,加工站,F_EVOLVE,莱伊,精2,80,进驻加工站加工精英材料时，副产品的产出概率提升80%
699,修旧如旧·β,加工站,F_EVOLVE,缇缇,精2,80,进驻加工站加工精英材料时，副产品的产出概率提升80%
700,学者,加工站,F_EVOLVE,锡兰,精0,80,进驻加工站加工精英材料时，副产品的产出概率提升80%
701,巫妖学识,加工站,F_EVOLVE,止颂,精2,80,进驻加工站加工精英材料时，副产品的产出概率提升80%
702,稀有金属辨识,加工站,F_EVOLVE,年,精0,100,进驻加工站加工精英材料时，副产品的产出概率提升100%
703,工程学,加工站,F_BUILDING,松果；罗比菈塔；阿消,精0,70,进驻加工站加工基建材料时，副产品的产出概率提升70%
704,斩铁裂钢,加工站,F_BUILDING,煌,精1,80,进驻加工站加工基建材料时，副产品的产出概率提升80%
705,结构力学,加工站,F_BUILDING,莱恩哈特,精0,75,进驻加工站加工基建材料时，副产品的产出概率提升75%
706,突发好运,加工站,F_BUILDING,青枳,精0,75,进驻加工站加工基建材料时，副产品的产出概率提升75%
707,特训记录,加工站,F_ASC,12F；刻刀；猎蜂,精0；精1,70,进驻加工站加工芯片时，副产品的产出概率提升70%
708,训练有素,加工站,F_ASC,风笛,精2,80,进驻加工站加工芯片时，副产品的产出概率提升80%
709,“爆炸艺术”,加工站,F_BUILDING；F_EVOLVE；F_SKILL；F_ASC,棘刺,精2,,进驻加工站加工任意类材料时，每2次加工没有产出副产品，则恢复自身一次心情，恢复量为对应配方所需消耗的心情（加工结束后统一结算）
710,省省能更多,加工站,F_EVOLVE,休谟斯,精1,,进驻加工站加工原始心情消耗为2的精英材料时，副产品的产出概率额外提升40%
711,御灵之力·金,加工站,F_BUILDING；F_EVOLVE；F_SKILL；F_ASC,罗小黑,精0,,进驻加工站加工原始心情消耗为8的任意类材料时，副产品的产出概率提升50%
712,工效模范·α,加工站,F_BUILDING；F_EVOLVE；F_SKILL；F_ASC,凯瑟琳,精0,50,进驻加工站加工任意类材料时，副产品的产出概率提升50%
713,工效模范·β,加工站,F_BUILDING；F_EVOLVE；F_SKILL；F_ASC,凯瑟琳,精2,50,进驻加工站加工任意类材料时，副产品的产出概率提升50%；如果白铁进驻在宿舍，则额外提升10%
714,专注·α,加工站,F_BUILDING；F_EVOLVE；F_SKILL；F_ASC,玫兰莎；砾,精0；精1,40,进驻加工站加工任意类材料时，副产品的产出概率提升40%
715,能工巧匠,加工站,F_BUILDING；F_EVOLVE；F_SKILL；F_ASC,吽；安德切尔；斑点；格雷伊,精0；精1,50,进驻加工站加工任意类材料时，副产品的产出概率提升50%
716,多功能测绘仪,加工站,F_BUILDING；F_EVOLVE；F_SKILL；F_ASC,麦哲伦,精0,50,进驻加工站加工任意类材料时，副产品的产出概率提升50%
717,“炼金术”,加工站,F_BUILDING；F_EVOLVE；F_SKILL；F_ASC,棘刺,精0,50,进驻加工站加工任意类材料时，副产品的产出概率提升50%
718,修修还能用,加工站,F_BUILDING；F_EVOLVE；F_SKILL；F_ASC,休谟斯,精0,50,进驻加工站加工任意类材料时，副产品的产出概率提升50%
719,专注·β,加工站,F_BUILDING；F_EVOLVE；F_SKILL；F_ASC,深海色；艾丝黛尔,精0；精1,60,进驻加工站加工任意类材料时，副产品的产出概率提升60%
720,老当益壮,加工站,F_BUILDING；F_EVOLVE；F_SKILL；F_ASC,巡林者,精0,60,进驻加工站加工任意类材料时，副产品的产出概率提升60%
721,咪波·加工型,加工站,F_BUILDING；F_EVOLVE；F_SKILL；F_ASC,梅尔,精0,65,进驻加工站加工任意类材料时，副产品的产出概率提升65%
722,舍弃的赘余,加工站,F_BUILDING；F_EVOLVE；F_SKILL；F_ASC,洛洛,精0,65,进驻加工站加工任意类材料时，副产品的产出概率提升65%
723,天师府工艺,加工站,F_BUILDING；F_EVOLVE；F_SKILL；F_ASC,万顷,精0,65,进驻加工站加工任意类材料时，副产品的产出概率提升65%
724,蓝卡坞多面手,加工站,F_BUILDING；F_EVOLVE；F_SKILL；F_ASC,蒂比,精0,65,进驻加工站加工任意类材料时，副产品的产出概率提升65%
725,未知技术,加工站,F_BUILDING；F_EVOLVE；F_SKILL；F_ASC,凯尔希,精0,70,进驻加工站加工任意类材料时，副产品的产出概率提升70%
726,技术阐明,加工站,F_BUILDING；F_EVOLVE；F_SKILL；F_ASC,凯尔希·思衡托,精0,70,进驻加工站加工任意类材料时，副产品的产出概率提升70%
727,理论革新,加工站,F_BUILDING；F_EVOLVE；F_SKILL；F_ASC,凯尔希·思衡托,精2,80,进驻加工站加工任意类材料时，副产品的产出概率提升80%
